timestamp,total_votes,kc_venugopal_votes,kc_venugopal_pct,vd_satheesan_votes,vd_satheesan_pct,ramesh_chennithala_votes,ramesh_chennithala_pct,delta_total,delta_venugopal,delta_satheesan,delta_chennithala,alert
2026-05-13 07:14:54,469388,184106,39.2,258658,55.1,26624,5.7,0,0,0,0,
2026-05-13 07:15:55,469462,184109,39.2,258725,55.1,26628,5.7,74,3,67,4,
2026-05-13 07:16:56,469530,184109,39.2,258792,55.1,26629,5.7,68,0,67,1,
2026-05-13 07:17:58,469590,184112,39.2,258849,55.1,26629,5.7,60,3,57,0,
2026-05-13 07:18:59,469661,184114,39.2,258915,55.1,26632,5.7,71,2,66,3,
2026-05-13 07:20:00,469740,184115,39.2,258991,55.1,26634,5.7,79,1,76,2,
2026-05-13 07:21:01,469821,184119,39.2,259066,55.1,26636,5.7,81,4,75,2,
2026-05-13 07:22:02,469907,184120,39.2,259146,55.1,26641,5.7,86,1,80,5,
2026-05-13 07:23:03,469980,184121,39.2,259214,55.2,26645,5.7,73,1,68,4,
2026-05-13 07:24:07,470055,184123,39.2,259285,55.2,26647,5.7,75,2,71,2,
2026-05-13 07:26:21,470192,184129,39.2,259412,55.2,26651,5.7,137,6,127,4,
2026-05-13 07:27:22,470270,184131,39.2,259485,55.2,26654,5.7,78,2,73,3,
2026-05-13 07:28:22,470345,184133,39.1,259555,55.2,26657,5.7,75,2,70,3,
2026-05-13 07:29:24,470431,184136,39.1,259631,55.2,26664,5.7,86,3,76,7,
2026-05-13 07:30:25,470521,184137,39.1,259719,55.2,26665,5.7,90,1,88,1,
2026-05-13 07:31:27,470594,184139,39.1,259787,55.2,26668,5.7,73,2,68,3,
2026-05-13 07:32:28,470672,184141,39.1,259862,55.2,26669,5.7,78,2,75,1,
2026-05-13 07:33:29,470739,184143,39.1,259925,55.2,26671,5.7,67,2,63,2,
2026-05-13 07:34:31,470809,184143,39.1,259995,55.2,26671,5.7,70,0,70,0,
2026-05-13 07:35:32,470883,184146,39.1,260061,55.2,26676,5.7,74,3,66,5,
2026-05-13 07:36:33,470959,184146,39.1,260134,55.2,26679,5.7,76,0,73,3,
2026-05-13 07:37:34,471039,184148,39.1,260211,55.2,26680,5.7,80,2,77,1,
2026-05-13 07:38:35,471112,184152,39.1,260279,55.2,26681,5.7,73,4,68,1,
2026-05-13 07:39:38,471190,184154,39.1,260353,55.3,26683,5.7,78,2,74,2,
2026-05-13 07:40:39,471255,184155,39.1,260414,55.3,26686,5.7,65,1,61,3,
2026-05-13 07:41:39,471339,184157,39.1,260491,55.3,26691,5.7,84,2,77,5,
2026-05-13 07:42:41,471417,184161,39.1,260561,55.3,26695,5.7,78,4,70,4,
2026-05-13 07:43:42,471500,184167,39.1,260637,55.3,26696,5.7,83,6,76,1,
2026-05-13 07:44:44,471581,184169,39.1,260713,55.3,26699,5.7,81,2,76,3,
2026-05-13 07:45:44,471650,184174,39.0,260774,55.3,26702,5.7,69,5,61,3,
2026-05-13 07:46:46,471741,184175,39.0,260860,55.3,26706,5.7,91,1,86,4,
2026-05-13 07:47:48,471833,184176,39.0,260947,55.3,26710,5.7,92,1,87,4,
2026-05-13 07:48:50,471921,184177,39.0,261030,55.3,26714,5.7,88,1,83,4,
2026-05-13 07:49:51,472015,184179,39.0,261116,55.3,26720,5.7,94,2,86,6,
2026-05-13 07:50:51,472102,184185,39.0,261196,55.3,26721,5.7,87,6,80,1,
2026-05-13 07:51:53,472192,184185,39.0,261277,55.3,26730,5.7,90,0,81,9,
2026-05-13 07:52:54,472276,184186,39.0,261357,55.3,26733,5.7,84,1,80,3,
2026-05-13 07:53:58,472373,184190,39.0,261447,55.3,26736,5.7,97,4,90,3,
2026-05-13 07:54:59,472450,184192,39.0,261520,55.4,26738,5.7,77,2,73,2,
2026-05-13 07:56:00,472532,184194,39.0,261599,55.4,26739,5.7,82,2,79,1,
2026-05-13 07:57:03,472628,184198,39.0,261686,55.4,26744,5.7,96,4,87,5,
2026-05-13 07:58:04,472714,184201,39.0,261766,55.4,26747,5.7,86,3,80,3,
2026-05-13 07:59:06,472789,184203,39.0,261837,55.4,26749,5.7,75,2,71,2,
2026-05-13 08:00:08,472872,184205,39.0,261915,55.4,26752,5.7,83,2,78,3,
2026-05-13 08:01:09,472962,184209,38.9,262000,55.4,26753,5.7,90,4,85,1,
2026-05-13 08:02:11,473060,184211,38.9,262092,55.4,26757,5.7,98,2,92,4,
2026-05-13 08:03:12,473150,184213,38.9,262176,55.4,26761,5.7,90,2,84,4,
2026-05-13 08:04:13,473234,184217,38.9,262256,55.4,26761,5.7,84,4,80,0,
2026-05-13 08:05:15,473328,184222,38.9,262345,55.4,26761,5.7,94,5,89,0,
2026-05-13 08:06:16,473406,184226,38.9,262416,55.4,26764,5.7,78,4,71,3,
2026-05-13 08:07:18,473493,184230,38.9,262497,55.4,26766,5.7,87,4,81,2,
2026-05-13 08:08:20,473572,184231,38.9,262571,55.4,26770,5.7,79,1,74,4,
2026-05-13 08:09:22,473659,184236,38.9,262650,55.5,26773,5.7,87,5,79,3,
2026-05-13 08:10:24,473737,184238,38.9,262721,55.5,26778,5.7,78,2,71,5,
2026-05-13 08:11:25,473822,184244,38.9,262793,55.5,26785,5.7,85,6,72,7,
2026-05-13 08:12:27,473928,184249,38.9,262889,55.5,26790,5.7,106,5,96,5,
2026-05-13 08:13:29,474013,184251,38.9,262970,55.5,26792,5.7,85,2,81,2,
2026-05-13 08:14:30,474092,184254,38.9,263043,55.5,26795,5.7,79,3,73,3,
2026-05-13 08:15:31,474197,184258,38.9,263140,55.5,26799,5.7,105,4,97,4,
2026-05-13 08:16:33,474285,184264,38.9,263219,55.5,26802,5.7,88,6,79,3,
2026-05-13 08:17:34,474383,184266,38.8,263310,55.5,26807,5.7,98,2,91,5,
2026-05-13 08:18:35,474474,184270,38.8,263393,55.5,26811,5.7,91,4,83,4,
2026-05-13 08:19:37,474555,184272,38.8,263470,55.5,26813,5.7,81,2,77,2,
2026-05-13 08:20:38,474653,184275,38.8,263563,55.5,26815,5.6,98,3,93,2,
2026-05-13 08:21:39,474718,184277,38.8,263622,55.5,26819,5.6,65,2,59,4,
2026-05-13 08:22:40,474802,184278,38.8,263702,55.5,26822,5.6,84,1,80,3,
2026-05-13 08:23:42,474890,184282,38.8,263782,55.5,26826,5.6,88,4,80,4,
2026-05-13 08:24:48,474974,184285,38.8,263861,55.6,26828,5.6,84,3,79,2,
2026-05-13 08:25:50,475085,184289,38.8,263962,55.6,26834,5.6,111,4,101,6,
2026-05-13 08:26:51,475171,184293,38.8,264039,55.6,26839,5.6,86,4,77,5,
2026-05-13 08:27:53,475261,184296,38.8,264123,55.6,26842,5.6,90,3,84,3,
2026-05-13 08:28:54,475338,184299,38.8,264195,55.6,26844,5.6,77,3,72,2,
2026-05-13 08:29:55,475415,184300,38.8,264269,55.6,26846,5.6,77,1,74,2,
2026-05-13 08:30:56,475492,184302,38.8,264337,55.6,26853,5.6,77,2,68,7,
2026-05-13 08:31:58,475587,184306,38.8,264427,55.6,26854,5.6,95,4,90,1,
2026-05-13 08:33:00,475678,184307,38.7,264512,55.6,26859,5.6,91,1,85,5,
2026-05-13 08:34:01,475764,184309,38.7,264592,55.6,26863,5.6,86,2,80,4,
2026-05-13 08:35:03,475853,184313,38.7,264673,55.6,26867,5.6,89,4,81,4,
2026-05-13 08:36:04,475929,184317,38.7,264744,55.6,26868,5.6,76,4,71,1,
2026-05-13 08:37:06,476027,184320,38.7,264838,55.6,26869,5.6,98,3,94,1,
2026-05-13 08:38:09,476112,184323,38.7,264916,55.6,26873,5.6,85,3,78,4,
2026-05-13 08:39:13,476209,184327,38.7,265004,55.6,26878,5.6,97,4,88,5,
2026-05-13 08:40:17,476307,184329,38.7,265092,55.7,26886,5.6,98,2,88,8,
2026-05-13 08:41:18,476415,184332,38.7,265193,55.7,26890,5.6,108,3,101,4,
2026-05-13 08:42:20,476495,184335,38.7,265269,55.7,26891,5.6,80,3,76,1,
2026-05-13 08:43:21,476571,184336,38.7,265340,55.7,26895,5.6,76,1,71,4,
2026-05-13 08:44:23,476647,184337,38.7,265414,55.7,26896,5.6,76,1,74,1,
2026-05-13 08:45:24,476726,184339,38.7,265489,55.7,26898,5.6,79,2,75,2,
2026-05-13 08:46:25,476808,184340,38.7,265567,55.7,26901,5.6,82,1,78,3,
2026-05-13 08:47:27,476892,184345,38.7,265638,55.7,26909,5.6,84,5,71,8,
2026-05-13 08:48:29,476988,184349,38.6,265725,55.7,26914,5.6,96,4,87,5,
2026-05-13 08:49:30,477084,184354,38.6,265814,55.7,26916,5.6,96,5,89,2,
2026-05-13 08:50:32,477169,184360,38.6,265890,55.7,26919,5.6,85,6,76,3,
2026-05-13 08:51:34,477267,184363,38.6,265983,55.7,26921,5.6,98,3,93,2,
2026-05-13 08:52:35,477363,184368,38.6,266074,55.7,26921,5.6,96,5,91,0,
2026-05-13 08:53:36,477447,184369,38.6,266156,55.7,26922,5.6,84,1,82,1,
2026-05-13 08:54:40,477510,184369,38.6,266213,55.8,26928,5.6,63,0,57,6,
2026-05-13 08:55:43,477613,184371,38.6,266310,55.8,26932,5.6,103,2,97,4,
2026-05-13 08:56:44,477690,184375,38.6,266382,55.8,26933,5.6,77,4,72,1,
2026-05-13 08:57:46,477777,184380,38.6,266463,55.8,26934,5.6,87,5,81,1,
2026-05-13 08:58:49,477872,184383,38.6,266551,55.8,26938,5.6,95,3,88,4,
2026-05-13 08:59:50,477944,184387,38.6,266616,55.8,26941,5.6,72,4,65,3,
2026-05-13 09:00:51,478029,184392,38.6,266693,55.8,26944,5.6,85,5,77,3,
2026-05-13 09:01:52,478104,184397,38.6,266761,55.8,26946,5.6,75,5,68,2,
2026-05-13 09:02:53,478185,184401,38.6,266837,55.8,26947,5.6,81,4,76,1,
2026-05-13 09:03:54,478259,184403,38.6,266903,55.8,26953,5.6,74,2,66,6,
2026-05-13 09:04:56,478350,184411,38.6,266983,55.8,26956,5.6,91,8,80,3,
2026-05-13 09:05:58,478440,184414,38.5,267065,55.8,26961,5.6,90,3,82,5,
2026-05-13 09:06:59,478529,184421,38.5,267145,55.8,26963,5.6,89,7,80,2,
2026-05-13 09:08:01,478623,184422,38.5,267234,55.8,26967,5.6,94,1,89,4,
2026-05-13 09:09:03,478710,184426,38.5,267316,55.8,26968,5.6,87,4,82,1,
2026-05-13 09:10:08,478774,184426,38.5,267376,55.8,26972,5.6,64,0,60,4,
2026-05-13 09:11:11,478871,184431,38.5,267463,55.9,26977,5.6,97,5,87,5,
2026-05-13 09:12:11,478970,184436,38.5,267553,55.9,26981,5.6,99,5,90,4,
2026-05-13 09:13:13,479047,184439,38.5,267623,55.9,26985,5.6,77,3,70,4,
2026-05-13 09:14:14,479125,184443,38.5,267690,55.9,26992,5.6,78,4,67,7,
2026-05-13 09:15:16,479197,184446,38.5,267754,55.9,26997,5.6,72,3,64,5,
2026-05-13 09:16:17,479264,184448,38.5,267816,55.9,27000,5.6,67,2,62,3,
2026-05-13 09:17:18,479339,184450,38.5,267889,55.9,27000,5.6,75,2,73,0,
2026-05-13 09:18:19,479417,184451,38.5,267965,55.9,27001,5.6,78,1,76,1,
2026-05-13 09:19:21,479491,184455,38.5,268032,55.9,27004,5.6,74,4,67,3,
2026-05-13 09:20:22,479583,184457,38.5,268119,55.9,27007,5.6,92,2,87,3,
2026-05-13 09:21:24,479663,184459,38.5,268194,55.9,27010,5.6,80,2,75,3,
2026-05-13 09:22:27,479734,184462,38.5,268260,55.9,27012,5.6,71,3,66,2,
2026-05-13 09:23:29,479817,184468,38.4,268336,55.9,27013,5.6,83,6,76,1,
2026-05-13 09:24:32,479902,184474,38.4,268414,55.9,27014,5.6,85,6,78,1,
2026-05-13 09:25:38,480000,184479,38.4,268503,55.9,27018,5.6,98,5,89,4,
2026-05-13 09:26:40,480092,184484,38.4,268588,55.9,27020,5.6,92,5,85,2,
2026-05-13 09:27:40,480174,184485,38.4,268668,56.0,27021,5.6,82,1,80,1,
2026-05-13 09:28:41,480257,184490,38.4,268741,56.0,27026,5.6,83,5,73,5,
2026-05-13 09:29:43,480325,184493,38.4,268803,56.0,27029,5.6,68,3,62,3,
2026-05-13 09:30:45,480410,184494,38.4,268884,56.0,27032,5.6,85,1,81,3,
2026-05-13 09:31:46,480492,184497,38.4,268962,56.0,27033,5.6,82,3,78,1,
2026-05-13 09:32:47,480585,184498,38.4,269048,56.0,27039,5.6,93,1,86,6,
2026-05-13 09:33:48,480666,184499,38.4,269126,56.0,27041,5.6,81,1,78,2,
2026-05-13 09:34:49,480751,184502,38.4,269206,56.0,27043,5.6,85,3,80,2,
2026-05-13 09:35:51,480830,184506,38.4,269280,56.0,27044,5.6,79,4,74,1,
2026-05-13 09:36:53,480910,184507,38.4,269356,56.0,27047,5.6,80,1,76,3,
2026-05-13 09:37:54,480986,184509,38.4,269427,56.0,27050,5.6,76,2,71,3,
2026-05-13 09:38:57,481065,184513,38.4,269498,56.0,27054,5.6,79,4,71,4,
2026-05-13 09:39:58,481155,184519,38.3,269578,56.0,27058,5.6,90,6,80,4,
2026-05-13 09:41:00,481231,184522,38.3,269650,56.0,27059,5.6,76,3,72,1,
2026-05-13 09:42:02,481298,184523,38.3,269713,56.0,27062,5.6,67,1,63,3,
2026-05-13 09:43:03,481371,184526,38.3,269779,56.0,27066,5.6,73,3,66,4,
2026-05-13 09:44:05,481454,184528,38.3,269857,56.1,27069,5.6,83,2,78,3,
2026-05-13 09:45:06,481527,184529,38.3,269928,56.1,27070,5.6,73,1,71,1,
2026-05-13 09:46:07,481615,184532,38.3,270011,56.1,27072,5.6,88,3,83,2,
2026-05-13 09:47:08,481688,184535,38.3,270080,56.1,27073,5.6,73,3,69,1,
2026-05-13 09:48:09,481764,184538,38.3,270150,56.1,27076,5.6,76,3,70,3,
2026-05-13 09:49:11,481846,184539,38.3,270229,56.1,27078,5.6,82,1,79,2,
2026-05-13 09:50:12,481923,184540,38.3,270302,56.1,27081,5.6,77,1,73,3,
2026-05-13 09:51:13,481991,184542,38.3,270367,56.1,27082,5.6,68,2,65,1,
2026-05-13 09:52:15,482072,184545,38.3,270443,56.1,27084,5.6,81,3,76,2,
2026-05-13 09:53:16,482151,184547,38.3,270518,56.1,27086,5.6,79,2,75,2,
2026-05-13 09:54:17,482233,184551,38.3,270592,56.1,27090,5.6,82,4,74,4,
2026-05-13 09:55:19,482306,184553,38.3,270660,56.1,27093,5.6,73,2,68,3,
2026-05-13 09:56:20,482396,184555,38.3,270746,56.1,27095,5.6,90,2,86,2,
2026-05-13 09:57:22,482476,184557,38.3,270820,56.1,27099,5.6,80,2,74,4,
2026-05-13 09:58:25,482571,184559,38.2,270905,56.1,27107,5.6,95,2,85,8,
2026-05-13 09:59:27,482671,184564,38.2,270996,56.1,27111,5.6,100,5,91,4,
2026-05-13 10:00:28,482751,184568,38.2,271071,56.2,27112,5.6,80,4,75,1,
2026-05-13 10:01:30,482841,184571,38.2,271154,56.2,27116,5.6,90,3,83,4,
2026-05-13 10:02:31,482919,184574,38.2,271226,56.2,27119,5.6,78,3,72,3,
2026-05-13 10:03:33,483010,184577,38.2,271309,56.2,27124,5.6,91,3,83,5,
2026-05-13 10:04:35,483096,184577,38.2,271393,56.2,27126,5.6,86,0,84,2,
2026-05-13 10:05:37,483188,184578,38.2,271483,56.2,27127,5.6,92,1,90,1,
2026-05-13 10:06:39,483271,184580,38.2,271562,56.2,27129,5.6,83,2,79,2,
2026-05-13 10:07:41,483350,184583,38.2,271633,56.2,27134,5.6,79,3,71,5,
2026-05-13 10:08:43,483441,184586,38.2,271716,56.2,27139,5.6,91,3,83,5,
2026-05-13 10:09:44,483520,184591,38.2,271785,56.2,27144,5.6,79,5,69,5,
2026-05-13 10:10:50,483595,184593,38.2,271854,56.2,27148,5.6,75,2,69,4,
2026-05-13 10:11:51,483706,184600,38.2,271955,56.2,27151,5.6,111,7,101,3,
2026-05-13 10:12:53,483800,184601,38.2,272044,56.2,27155,5.6,94,1,89,4,
2026-05-13 10:13:54,483888,184603,38.1,272126,56.2,27159,5.6,88,2,82,4,
2026-05-13 10:14:55,483985,184605,38.1,272217,56.2,27163,5.6,97,2,91,4,
2026-05-13 10:15:58,484069,184607,38.1,272297,56.3,27165,5.6,84,2,80,2,
2026-05-13 10:17:02,484176,184612,38.1,272394,56.3,27170,5.6,107,5,97,5,
2026-05-13 10:18:05,484269,184614,38.1,272484,56.3,27171,5.6,93,2,90,1,
2026-05-13 10:19:07,484365,184619,38.1,272573,56.3,27173,5.6,96,5,89,2,
2026-05-13 10:20:08,484455,184621,38.1,272657,56.3,27177,5.6,90,2,84,4,
2026-05-13 10:21:11,484541,184622,38.1,272741,56.3,27178,5.6,86,1,84,1,
2026-05-13 10:22:12,484626,184625,38.1,272822,56.3,27179,5.6,85,3,81,1,
2026-05-13 10:23:15,484712,184630,38.1,272902,56.3,27180,5.6,86,5,80,1,
2026-05-13 10:24:17,484803,184633,38.1,272990,56.3,27180,5.6,91,3,88,0,
2026-05-13 10:25:19,484901,184637,38.1,273079,56.3,27185,5.6,98,4,89,5,
2026-05-13 10:26:22,484980,184640,38.1,273152,56.3,27188,5.6,79,3,73,3,
2026-05-13 10:27:24,485045,184644,38.1,273209,56.3,27192,5.6,65,4,57,4,
2026-05-13 10:28:26,485126,184647,38.1,273282,56.3,27197,5.6,81,3,73,5,
2026-05-13 10:29:28,485200,184648,38.1,273353,56.3,27199,5.6,74,1,71,2,
2026-05-13 10:30:28,485282,184651,38.1,273431,56.3,27200,5.6,82,3,78,1,
2026-05-13 10:31:30,485368,184655,38.0,273511,56.4,27202,5.6,86,4,80,2,
2026-05-13 10:32:32,485440,184657,38.0,273575,56.4,27208,5.6,72,2,64,6,
2026-05-13 10:33:34,485518,184663,38.0,273646,56.4,27209,5.6,78,6,71,1,
2026-05-13 10:34:36,485590,184664,38.0,273715,56.4,27211,5.6,72,1,69,2,
2026-05-13 10:35:37,485659,184666,38.0,273778,56.4,27215,5.6,69,2,63,4,
2026-05-13 10:36:38,485748,184669,38.0,273863,56.4,27216,5.6,89,3,85,1,
2026-05-13 10:37:40,485820,184669,38.0,273933,56.4,27218,5.6,72,0,70,2,
2026-05-13 10:38:43,485899,184670,38.0,274010,56.4,27219,5.6,79,1,77,1,
2026-05-13 10:39:45,485985,184673,38.0,274089,56.4,27223,5.6,86,3,79,4,
2026-05-13 10:40:47,486063,184676,38.0,274164,56.4,27223,5.6,78,3,75,0,
2026-05-13 10:41:54,486130,184680,38.0,274223,56.4,27227,5.6,67,4,59,4,
2026-05-13 10:42:55,486229,184683,38.0,274317,56.4,27229,5.6,99,3,94,2,
2026-05-13 10:43:56,486299,184684,38.0,274381,56.4,27234,5.6,70,1,64,5,
2026-05-13 10:44:57,486376,184687,38.0,274452,56.4,27237,5.6,77,3,71,3,
2026-05-13 10:46:02,486478,184691,38.0,274546,56.4,27241,5.6,102,4,94,4,
2026-05-13 10:47:03,486573,184693,38.0,274635,56.4,27245,5.6,95,2,89,4,
2026-05-13 10:48:05,486664,184698,38.0,274717,56.4,27249,5.6,91,5,82,4,
2026-05-13 10:49:06,486749,184700,37.9,274797,56.5,27252,5.6,85,2,80,3,
2026-05-13 11:42:53,491043,184850,37.6,278782,56.8,27411,5.6,4294,150,3985,159,"SPIKE Satheesan: +3985 votes/min (avg 79, std 12, threshold 114)"
2026-05-13 11:43:55,491122,184852,37.6,278857,56.8,27413,5.6,79,2,75,2,
2026-05-13 11:44:56,491187,184856,37.6,278917,56.8,27414,5.6,65,4,60,1,
2026-05-13 11:45:57,491253,184860,37.6,278977,56.8,27416,5.6,66,4,60,2,
2026-05-13 11:46:58,491344,184863,37.6,279062,56.8,27419,5.6,91,3,85,3,
2026-05-13 11:47:59,491414,184867,37.6,279128,56.8,27419,5.6,70,4,66,0,
2026-05-13 11:49:01,491499,184868,37.6,279209,56.8,27422,5.6,85,1,81,3,
2026-05-13 11:50:02,491561,184874,37.6,279263,56.8,27424,5.6,62,6,54,2,
2026-05-13 11:51:03,491646,184877,37.6,279344,56.8,27425,5.6,85,3,81,1,
2026-05-13 11:52:05,491718,184880,37.6,279409,56.8,27429,5.6,72,3,65,4,
2026-05-13 11:53:07,491787,184881,37.6,279477,56.8,27429,5.6,69,1,68,0,
2026-05-13 11:54:08,491858,184882,37.6,279543,56.8,27433,5.6,71,1,66,4,
2026-05-13 11:55:09,491941,184887,37.6,279620,56.8,27434,5.6,83,5,77,1,
2026-05-13 11:56:11,492014,184894,37.6,279682,56.8,27438,5.6,73,7,62,4,
2026-05-13 11:57:19,492093,184899,37.6,279752,56.8,27442,5.6,79,5,70,4,
2026-05-13 11:58:21,492139,184902,37.6,279790,56.9,27447,5.6,46,3,38,5,
2026-05-13 11:59:23,492197,184905,37.6,279844,56.9,27448,5.6,58,3,54,1,
2026-05-13 12:00:24,492266,184908,37.6,279906,56.9,27452,5.6,69,3,62,4,
2026-05-13 12:01:27,492318,184909,37.6,279953,56.9,27456,5.6,52,1,47,4,
2026-05-13 12:02:29,492376,184912,37.6,280006,56.9,27458,5.6,58,3,53,2,
2026-05-13 12:03:30,492433,184915,37.6,280054,56.9,27464,5.6,57,3,48,6,
2026-05-13 12:04:32,492501,184918,37.5,280118,56.9,27465,5.6,68,3,64,1,
2026-05-13 12:05:35,492566,184921,37.5,280178,56.9,27467,5.6,65,3,60,2,
2026-05-13 12:06:36,492651,184924,37.5,280254,56.9,27473,5.6,85,3,76,6,
2026-05-13 12:07:38,492728,184926,37.5,280328,56.9,27474,5.6,77,2,74,1,
2026-05-13 12:08:40,492797,184929,37.5,280393,56.9,27475,5.6,69,3,65,1,
2026-05-13 12:09:41,492874,184935,37.5,280458,56.9,27481,5.6,77,6,65,6,
2026-05-13 12:10:42,492947,184936,37.5,280529,56.9,27482,5.6,73,1,71,1,
2026-05-13 12:11:45,493022,184941,37.5,280598,56.9,27483,5.6,75,5,69,1,
2026-05-13 12:12:48,493082,184944,37.5,280654,56.9,27484,5.6,60,3,56,1,
2026-05-13 12:13:51,493148,184946,37.5,280715,56.9,27487,5.6,66,2,61,3,
2026-05-13 12:14:52,493219,184948,37.5,280783,56.9,27488,5.6,71,2,68,1,
2026-05-13 12:15:56,493269,184949,37.5,280832,56.9,27488,5.6,50,1,49,0,
2026-05-13 12:16:57,493350,184952,37.5,280907,56.9,27491,5.6,81,3,75,3,
2026-05-13 12:17:59,493424,184954,37.5,280976,56.9,27494,5.6,74,2,69,3,
2026-05-13 12:19:01,493499,184955,37.5,281047,56.9,27497,5.6,75,1,71,3,
2026-05-13 12:20:03,493559,184958,37.5,281102,57.0,27499,5.6,60,3,55,2,
2026-05-13 12:21:05,493627,184961,37.5,281163,57.0,27503,5.6,68,3,61,4,
2026-05-13 12:22:06,493693,184961,37.5,281226,57.0,27506,5.6,66,0,63,3,
2026-05-13 12:23:08,493768,184963,37.5,281297,57.0,27508,5.6,75,2,71,2,
2026-05-13 12:24:09,493835,184965,37.5,281359,57.0,27511,5.6,67,2,62,3,
2026-05-13 12:25:11,493896,184965,37.5,281417,57.0,27514,5.6,61,0,58,3,
2026-05-13 12:26:12,493966,184967,37.4,281479,57.0,27520,5.6,70,2,62,6,
2026-05-13 12:27:17,494022,184969,37.4,281530,57.0,27523,5.6,56,2,51,3,
2026-05-13 12:28:20,494085,184970,37.4,281591,57.0,27524,5.6,63,1,61,1,
2026-05-13 12:29:21,494158,184972,37.4,281659,57.0,27527,5.6,73,2,68,3,
2026-05-13 12:30:29,494225,184972,37.4,281724,57.0,27529,5.6,67,0,65,2,
2026-05-13 12:54:30,495628,185026,37.3,283025,57.1,27577,5.6,1403,54,1301,48,"SPIKE Satheesan: +1301 votes/min (avg 62, std 5, threshold 78)"
2026-05-13 12:55:32,495686,185027,37.3,283078,57.1,27581,5.6,58,1,53,4,
2026-05-13 12:56:34,495753,185030,37.3,283140,57.1,27583,5.6,67,3,62,2,
2026-05-13 12:57:38,495808,185032,37.3,283191,57.1,27585,5.6,55,2,51,2,
2026-05-13 12:58:41,495858,185035,37.3,283235,57.1,27588,5.6,50,3,44,3,
2026-05-13 12:59:58,495933,185038,37.3,283303,57.1,27592,5.6,75,3,68,4,
2026-05-13 13:01:00,495991,185042,37.3,283356,57.1,27593,5.6,58,4,53,1,
2026-05-13 13:02:02,496059,185044,37.3,283418,57.1,27597,5.6,68,2,62,4,
2026-05-13 13:03:03,496106,185046,37.3,283461,57.1,27599,5.6,47,2,43,2,
2026-05-13 13:04:05,496147,185049,37.3,283499,57.1,27599,5.6,41,3,38,0,
2026-05-13 13:05:06,496198,185052,37.3,283546,57.1,27600,5.6,51,3,47,1,
2026-05-13 13:06:08,496254,185053,37.3,283599,57.1,27602,5.6,56,1,53,2,
2026-05-13 13:07:10,496310,185056,37.3,283652,57.2,27602,5.6,56,3,53,0,
2026-05-13 13:08:11,496359,185058,37.3,283697,57.2,27604,5.6,49,2,45,2,
2026-05-13 13:09:12,496415,185060,37.3,283751,57.2,27604,5.6,56,2,54,0,
2026-05-13 13:10:15,496456,185060,37.3,283790,57.2,27606,5.6,41,0,39,2,
2026-05-13 13:11:15,496516,185061,37.3,283848,57.2,27607,5.6,60,1,58,1,
2026-05-13 13:12:18,496579,185065,37.3,283903,57.2,27611,5.6,63,4,55,4,
2026-05-13 13:13:20,496638,185067,37.3,283958,57.2,27613,5.6,59,2,55,2,
2026-05-13 13:14:22,496698,185070,37.3,284011,57.2,27617,5.6,60,3,53,4,
2026-05-13 13:15:23,496759,185073,37.3,284067,57.2,27619,5.6,61,3,56,2,
2026-05-13 13:16:24,496801,185076,37.3,284105,57.2,27620,5.6,42,3,38,1,
2026-05-13 13:17:25,496869,185077,37.2,284169,57.2,27623,5.6,68,1,64,3,
2026-05-13 13:18:26,496928,185079,37.2,284223,57.2,27626,5.6,59,2,54,3,
2026-05-13 13:19:27,496983,185081,37.2,284275,57.2,27627,5.6,55,2,52,1,
2026-05-13 13:20:28,497045,185083,37.2,284333,57.2,27629,5.6,62,2,58,2,
2026-05-13 13:21:30,497104,185085,37.2,284386,57.2,27633,5.6,59,2,53,4,
2026-05-13 13:22:31,497154,185087,37.2,284431,57.2,27636,5.6,50,2,45,3,
2026-05-13 13:25:48,497190,185091,37.2,284459,57.2,27640,5.6,36,4,28,4,
2026-05-13 13:26:50,497250,185093,37.2,284513,57.2,27644,5.6,60,2,54,4,
2026-05-13 13:27:52,497298,185097,37.2,284555,57.2,27646,5.6,48,4,42,2,
2026-05-13 13:28:54,497369,185098,37.2,284622,57.2,27649,5.6,71,1,67,3,
2026-05-13 13:29:55,497432,185103,37.2,284679,57.2,27650,5.6,63,5,57,1,
2026-05-13 13:30:56,497493,185103,37.2,284737,57.2,27653,5.6,61,0,58,3,
2026-05-13 13:31:58,497548,185103,37.2,284790,57.2,27655,5.6,55,0,53,2,
2026-05-13 13:33:00,497611,185104,37.2,284848,57.2,27659,5.6,63,1,58,4,
2026-05-13 13:34:03,497683,185105,37.2,284916,57.2,27662,5.6,72,1,68,3,
2026-05-13 13:35:04,497756,185110,37.2,284983,57.3,27663,5.6,73,5,67,1,
2026-05-13 13:36:06,497813,185112,37.2,285037,57.3,27664,5.6,57,2,54,1,
2026-05-13 13:37:07,497878,185114,37.2,285099,57.3,27665,5.6,65,2,62,1,
2026-05-13 13:38:09,497936,185119,37.2,285149,57.3,27668,5.6,58,5,50,3,
2026-05-13 13:39:12,497995,185121,37.2,285202,57.3,27672,5.6,59,2,53,4,
2026-05-13 13:40:13,498041,185125,37.2,285241,57.3,27675,5.6,46,4,39,3,
2026-05-13 13:41:15,498092,185128,37.2,285285,57.3,27679,5.6,51,3,44,4,
2026-05-13 13:42:15,498144,185128,37.2,285336,57.3,27680,5.6,52,0,51,1,
2026-05-13 13:43:19,498206,185129,37.2,285391,57.3,27686,5.6,62,1,55,6,
2026-05-13 13:44:22,498272,185130,37.2,285454,57.3,27688,5.6,66,1,63,2,
2026-05-13 13:45:23,498331,185132,37.2,285508,57.3,27691,5.6,59,2,54,3,
2026-05-13 13:46:24,498394,185134,37.1,285568,57.3,27692,5.6,63,2,60,1,
2026-05-13 13:47:27,498461,185136,37.1,285627,57.3,27698,5.6,67,2,59,6,
2026-05-13 13:48:28,498517,185139,37.1,285677,57.3,27701,5.6,56,3,50,3,
2026-05-13 13:49:31,498595,185143,37.1,285748,57.3,27704,5.6,78,4,71,3,
2026-05-13 13:50:34,498652,185143,37.1,285797,57.3,27712,5.6,57,0,49,8,
2026-05-13 13:51:36,498711,185145,37.1,285852,57.3,27714,5.6,59,2,55,2,
2026-05-13 13:52:38,498766,185147,37.1,285900,57.3,27719,5.6,55,2,48,5,
2026-05-13 13:53:40,498816,185150,37.1,285947,57.3,27719,5.6,50,3,47,0,
2026-05-13 13:54:42,498876,185154,37.1,286001,57.3,27721,5.6,60,4,54,2,
2026-05-13 13:55:44,498947,185161,37.1,286064,57.3,27722,5.6,71,7,63,1,
2026-05-13 13:56:45,499015,185166,37.1,286127,57.3,27722,5.6,68,5,63,0,
2026-05-13 13:57:47,499071,185168,37.1,286178,57.3,27725,5.6,56,2,51,3,
2026-05-13 13:58:51,499118,185170,37.1,286223,57.3,27725,5.6,47,2,45,0,
2026-05-13 13:59:53,499189,185172,37.1,286288,57.4,27729,5.6,71,2,65,4,
2026-05-13 14:00:54,499254,185174,37.1,286351,57.4,27729,5.6,65,2,63,0,
2026-05-13 14:01:55,499314,185175,37.1,286409,57.4,27730,5.6,60,1,58,1,
2026-05-13 14:02:57,499384,185177,37.1,286476,57.4,27731,5.6,70,2,67,1,
2026-05-13 14:03:59,499450,185177,37.1,286540,57.4,27733,5.6,66,0,64,2,
2026-05-13 14:05:02,499503,185180,37.1,286589,57.4,27734,5.6,53,3,49,1,
2026-05-13 14:06:04,499565,185181,37.1,286646,57.4,27738,5.6,62,1,57,4,
2026-05-13 14:07:06,499637,185183,37.1,286714,57.4,27740,5.6,72,2,68,2,
2026-05-13 14:08:07,499698,185185,37.1,286767,57.4,27746,5.6,61,2,53,6,
2026-05-13 14:09:09,499749,185187,37.1,286813,57.4,27749,5.6,51,2,46,3,
2026-05-13 14:10:12,499800,185192,37.1,286858,57.4,27750,5.6,51,5,45,1,
2026-05-13 14:11:13,499850,185192,37.0,286907,57.4,27751,5.6,50,0,49,1,
2026-05-13 14:12:15,499911,185192,37.0,286966,57.4,27753,5.6,61,0,59,2,
2026-05-13 14:13:17,499964,185194,37.0,287016,57.4,27754,5.6,53,2,50,1,
2026-05-13 14:14:20,500010,185195,37.0,287061,57.4,27754,5.6,46,1,45,0,
2026-05-13 14:15:21,500074,185200,37.0,287112,57.4,27762,5.6,64,5,51,8,
2026-05-13 14:16:22,500131,185202,37.0,287166,57.4,27763,5.6,57,2,54,1,
2026-05-13 14:17:23,500188,185204,37.0,287217,57.4,27767,5.6,57,2,51,4,
2026-05-13 14:18:24,500253,185205,37.0,287280,57.4,27768,5.6,65,1,63,1,
2026-05-13 14:19:26,500308,185205,37.0,287333,57.4,27770,5.6,55,0,53,2,
2026-05-13 14:20:28,500366,185206,37.0,287388,57.4,27772,5.6,58,1,55,2,
2026-05-13 14:21:29,500438,185214,37.0,287451,57.4,27773,5.5,72,8,63,1,
2026-05-13 14:22:30,500495,185214,37.0,287500,57.4,27781,5.6,57,0,49,8,
2026-05-13 14:24:43,500573,185218,37.0,287572,57.4,27783,5.6,78,4,72,2,
2026-05-13 14:25:44,500626,185222,37.0,287619,57.5,27785,5.6,53,4,47,2,
2026-05-13 14:26:46,500659,185223,37.0,287650,57.5,27786,5.5,33,1,31,1,
2026-05-13 14:27:47,500707,185226,37.0,287692,57.5,27789,5.5,48,3,42,3,
2026-05-13 14:28:51,500767,185226,37.0,287748,57.5,27793,5.6,60,0,56,4,
2026-05-13 14:29:53,500815,185226,37.0,287794,57.5,27795,5.5,48,0,46,2,
2026-05-13 14:30:55,500861,185227,37.0,287836,57.5,27798,5.6,46,1,42,3,
2026-05-13 14:31:56,500873,185227,37.0,287848,57.5,27798,5.5,12,0,12,0,
2026-05-13 14:32:57,500932,185227,37.0,287903,57.5,27802,5.6,59,0,55,4,
2026-05-13 14:33:58,500989,185228,37.0,287958,57.5,27803,5.5,57,1,55,1,
2026-05-13 14:35:01,501048,185229,37.0,288013,57.5,27806,5.5,59,1,55,3,
2026-05-13 14:36:02,501097,185232,37.0,288058,57.5,27807,5.5,49,3,45,1,
2026-05-13 14:37:03,501138,185233,37.0,288096,57.5,27809,5.5,41,1,38,2,
2026-05-13 14:38:05,501180,185235,37.0,288134,57.5,27811,5.5,42,2,38,2,
2026-05-13 14:39:07,501238,185237,37.0,288188,57.5,27813,5.5,58,2,54,2,
2026-05-13 14:40:08,501295,185239,37.0,288239,57.5,27817,5.5,57,2,51,4,
2026-05-13 14:41:10,501357,185244,36.9,288295,57.5,27818,5.5,62,5,56,1,
2026-05-13 14:42:11,501406,185244,36.9,288342,57.5,27820,5.5,49,0,47,2,
2026-05-13 14:43:12,501456,185245,36.9,288391,57.5,27820,5.5,50,1,49,0,
2026-05-13 14:44:14,501503,185248,36.9,288434,57.5,27821,5.5,47,3,43,1,
2026-05-13 14:45:16,501559,185249,36.9,288488,57.5,27822,5.5,56,1,54,1,
2026-05-13 14:46:16,501603,185253,36.9,288524,57.5,27826,5.5,44,4,36,4,
2026-05-13 14:47:18,501646,185254,36.9,288566,57.5,27826,5.5,43,1,42,0,
2026-05-13 14:48:19,501696,185254,36.9,288615,57.5,27827,5.5,50,0,49,1,
2026-05-13 14:49:20,501745,185257,36.9,288655,57.5,27833,5.5,49,3,40,6,
2026-05-13 14:50:22,501799,185258,36.9,288706,57.5,27835,5.5,54,1,51,2,
2026-05-13 14:51:23,501839,185258,36.9,288745,57.5,27836,5.5,40,0,39,1,
2026-05-13 14:52:24,501887,185260,36.9,288790,57.5,27837,5.5,48,2,45,1,
2026-05-13 14:53:25,501939,185266,36.9,288833,57.5,27840,5.5,52,6,43,3,
2026-05-13 14:54:28,501993,185268,36.9,288883,57.5,27842,5.5,54,2,50,2,
2026-05-13 14:55:29,502046,185271,36.9,288933,57.6,27842,5.5,53,3,50,0,
2026-05-13 14:56:33,502094,185271,36.9,288980,57.6,27843,5.5,48,0,47,1,
2026-05-13 14:57:34,502140,185271,36.9,289024,57.6,27845,5.5,46,0,44,2,
2026-05-13 14:58:36,502194,185273,36.9,289069,57.6,27852,5.5,54,2,45,7,
2026-05-13 14:59:40,502249,185277,36.9,289119,57.6,27853,5.5,55,4,50,1,
2026-05-13 15:00:41,502293,185278,36.9,289161,57.6,27854,5.5,44,1,42,1,
2026-05-13 15:01:43,502342,185278,36.9,289209,57.6,27855,5.5,49,0,48,1,
2026-05-13 15:02:44,502403,185279,36.9,289267,57.6,27857,5.5,61,1,58,2,
2026-05-13 15:03:46,502447,185280,36.9,289309,57.6,27858,5.5,44,1,42,1,
2026-05-13 15:04:47,502497,185281,36.9,289354,57.6,27862,5.5,50,1,45,4,
2026-05-13 15:05:48,502546,185282,36.9,289397,57.6,27867,5.5,49,1,43,5,
2026-05-13 15:06:49,502594,185284,36.9,289441,57.6,27869,5.5,48,2,44,2,
2026-05-13 15:07:51,502651,185289,36.9,289489,57.6,27873,5.5,57,5,48,4,
2026-05-13 15:08:52,502693,185292,36.9,289525,57.6,27876,5.5,42,3,36,3,
2026-05-13 15:09:53,502742,185295,36.9,289569,57.6,27878,5.5,49,3,44,2,
2026-05-13 15:10:54,502788,185296,36.9,289614,57.6,27878,5.5,46,1,45,0,
2026-05-13 15:11:56,502841,185298,36.9,289664,57.6,27879,5.5,53,2,50,1,
2026-05-13 15:12:59,502892,185299,36.8,289711,57.6,27882,5.5,51,1,47,3,
2026-05-13 15:14:01,502948,185301,36.8,289762,57.6,27885,5.5,56,2,51,3,
2026-05-13 15:15:05,503002,185306,36.8,289810,57.6,27886,5.5,54,5,48,1,
2026-05-13 15:16:06,503056,185308,36.8,289859,57.6,27889,5.5,54,2,49,3,
2026-05-13 15:17:08,503102,185310,36.8,289900,57.6,27892,5.5,46,2,41,3,
2026-05-13 15:18:10,503157,185314,36.8,289950,57.6,27893,5.5,55,4,50,1,
2026-05-13 15:19:12,503213,185316,36.8,290003,57.6,27894,5.5,56,2,53,1,
2026-05-13 15:20:13,503267,185319,36.8,290051,57.6,27897,5.5,54,3,48,3,
2026-05-13 15:21:14,503308,185323,36.8,290088,57.6,27897,5.5,41,4,37,0,
2026-05-13 15:22:16,503353,185326,36.8,290128,57.6,27899,5.5,45,3,40,2,
2026-05-13 15:23:17,503404,185328,36.8,290176,57.6,27900,5.5,51,2,48,1,
2026-05-13 15:24:19,503438,185331,36.8,290206,57.6,27901,5.5,34,3,30,1,
2026-05-13 15:25:21,503479,185332,36.8,290245,57.6,27902,5.5,41,1,39,1,
2026-05-13 15:26:22,503525,185334,36.8,290288,57.7,27903,5.5,46,2,43,1,
2026-05-13 15:27:24,503568,185335,36.8,290328,57.7,27905,5.5,43,1,40,2,
2026-05-13 15:28:26,503620,185340,36.8,290372,57.7,27908,5.5,52,5,44,3,
2026-05-13 15:29:29,503674,185343,36.8,290419,57.7,27912,5.5,54,3,47,4,
2026-05-13 15:30:32,503714,185347,36.8,290454,57.7,27913,5.5,40,4,35,1,
2026-05-13 15:31:34,503762,185351,36.8,290496,57.7,27915,5.5,48,4,42,2,
2026-05-13 15:32:35,503818,185352,36.8,290549,57.7,27917,5.5,56,1,53,2,
2026-05-13 15:33:36,503871,185356,36.8,290594,57.7,27921,5.5,53,4,45,4,
2026-05-13 15:34:37,503921,185358,36.8,290639,57.7,27924,5.5,50,2,45,3,
2026-05-13 15:35:38,503970,185363,36.8,290682,57.7,27925,5.5,49,5,43,1,
2026-05-13 15:36:40,504010,185363,36.8,290720,57.7,27927,5.5,40,0,38,2,
2026-05-13 15:37:41,504049,185367,36.8,290753,57.7,27929,5.5,39,4,33,2,
2026-05-13 15:38:42,504090,185369,36.8,290790,57.7,27931,5.5,41,2,37,2,
2026-05-13 15:39:43,504130,185372,36.8,290825,57.7,27933,5.5,40,3,35,2,
2026-05-13 15:40:44,504183,185373,36.8,290877,57.7,27933,5.5,53,1,52,0,
2026-05-13 15:41:46,504224,185374,36.8,290915,57.7,27935,5.5,41,1,38,2,
2026-05-13 15:42:48,504259,185374,36.8,290948,57.7,27937,5.5,35,0,33,2,
2026-05-13 15:43:49,504300,185374,36.8,290987,57.7,27939,5.5,41,0,39,2,
2026-05-13 15:44:50,504356,185378,36.8,291037,57.7,27941,5.5,56,4,50,2,
2026-05-13 15:45:51,504388,185380,36.8,291063,57.7,27945,5.5,32,2,26,4,
2026-05-13 15:46:52,504434,185382,36.8,291106,57.7,27946,5.5,46,2,43,1,
2026-05-13 15:47:54,504487,185384,36.7,291157,57.7,27946,5.5,53,2,51,0,
2026-05-13 15:48:56,504534,185387,36.7,291200,57.7,27947,5.5,47,3,43,1,
2026-05-13 15:49:56,504579,185389,36.7,291240,57.7,27950,5.5,45,2,40,3,
2026-05-13 15:50:58,504629,185391,36.7,291283,57.7,27955,5.5,50,2,43,5,
2026-05-13 15:52:00,504674,185391,36.7,291326,57.7,27957,5.5,45,0,43,2,
2026-05-13 15:53:01,504715,185391,36.7,291362,57.7,27962,5.5,41,0,36,5,
2026-05-13 15:54:02,504756,185394,36.7,291399,57.7,27963,5.5,41,3,37,1,
2026-05-13 15:55:03,504802,185398,36.7,291440,57.7,27964,5.5,46,4,41,1,
2026-05-13 15:56:04,504848,185400,36.7,291481,57.7,27967,5.5,46,2,41,3,
2026-05-13 15:57:06,504887,185400,36.7,291518,57.7,27969,5.5,39,0,37,2,
2026-05-13 15:58:08,504935,185400,36.7,291563,57.7,27972,5.5,48,0,45,3,
2026-05-13 15:59:09,504973,185402,36.7,291597,57.7,27974,5.5,38,2,34,2,
2026-05-13 16:00:10,505006,185403,36.7,291628,57.7,27975,5.5,33,1,31,1,
2026-05-13 16:01:11,505052,185405,36.7,291669,57.8,27978,5.5,46,2,41,3,
2026-05-13 16:02:12,505100,185409,36.7,291711,57.8,27980,5.5,48,4,42,2,
2026-05-13 16:03:14,505138,185412,36.7,291743,57.8,27983,5.5,38,3,32,3,
2026-05-13 16:04:15,505180,185418,36.7,291777,57.8,27985,5.5,42,6,34,2,
2026-05-13 16:05:16,505223,185424,36.7,291813,57.8,27986,5.5,43,6,36,1,
2026-05-13 16:07:36,505317,185427,36.7,291898,57.8,27992,5.5,94,3,85,6,
2026-05-13 16:15:04,505623,185447,36.7,292168,57.8,28008,5.5,306,20,270,16,"SPIKE Satheesan: +270 votes/min (avg 42, std 16, threshold 89)"
2026-05-13 16:17:16,505705,185453,36.7,292239,57.8,28013,5.5,82,6,71,5,
2026-05-13 16:18:18,505743,185454,36.7,292275,57.8,28014,5.5,38,1,36,1,
2026-05-13 16:19:20,505803,185457,36.7,292328,57.8,28018,5.5,60,3,53,4,
2026-05-13 16:20:21,505846,185462,36.7,292366,57.8,28018,5.5,43,5,38,0,
2026-05-13 16:21:22,505887,185465,36.7,292402,57.8,28020,5.5,41,3,36,2,
2026-05-13 16:22:23,505926,185467,36.7,292439,57.8,28020,5.5,39,2,37,0,
2026-05-13 16:23:25,505976,185468,36.7,292487,57.8,28021,5.5,50,1,48,1,
2026-05-13 16:24:26,506014,185469,36.7,292522,57.8,28023,5.5,38,1,35,2,
2026-05-13 16:25:27,506061,185472,36.7,292564,57.8,28025,5.5,47,3,42,2,
2026-05-13 16:26:28,506103,185474,36.6,292598,57.8,28031,5.5,42,2,34,6,
2026-05-13 16:27:30,506141,185476,36.6,292630,57.8,28035,5.5,38,2,32,4,
2026-05-13 16:28:31,506176,185477,36.6,292661,57.8,28038,5.5,35,1,31,3,
2026-05-13 16:29:32,506214,185480,36.6,292695,57.8,28039,5.5,38,3,34,1,
2026-05-13 16:30:35,506250,185484,36.6,292726,57.8,28040,5.5,36,4,31,1,
2026-05-13 16:31:36,506279,185485,36.6,292751,57.8,28043,5.5,29,1,25,3,
2026-05-13 16:32:37,506306,185486,36.6,292775,57.8,28045,5.5,27,1,24,2,
2026-05-13 16:33:38,506343,185489,36.6,292806,57.8,28048,5.5,37,3,31,3,
2026-05-13 16:34:40,506384,185491,36.6,292842,57.8,28051,5.5,41,2,36,3,
2026-05-13 16:35:42,506421,185493,36.6,292875,57.8,28053,5.5,37,2,33,2,
2026-05-13 16:36:44,506456,185496,36.6,292905,57.8,28055,5.5,35,3,30,2,
2026-05-13 16:37:45,506501,185498,36.6,292945,57.8,28058,5.5,45,2,40,3,
2026-05-13 16:38:46,506544,185501,36.6,292982,57.8,28061,5.5,43,3,37,3,
2026-05-13 16:39:47,506592,185504,36.6,293027,57.8,28061,5.5,48,3,45,0,
2026-05-13 16:40:48,506624,185505,36.6,293055,57.8,28064,5.5,32,1,28,3,
2026-05-13 16:41:49,506656,185506,36.6,293085,57.8,28065,5.5,32,1,30,1,
2026-05-13 16:42:51,506688,185507,36.6,293116,57.8,28065,5.5,32,1,31,0,
2026-05-13 16:43:52,506730,185509,36.6,293153,57.9,28068,5.5,42,2,37,3,
2026-05-13 16:44:53,506781,185513,36.6,293196,57.9,28072,5.5,51,4,43,4,
2026-05-13 16:45:56,506827,185516,36.6,293238,57.9,28073,5.5,46,3,42,1,
2026-05-13 16:46:57,506857,185518,36.6,293265,57.9,28074,5.5,30,2,27,1,
2026-05-13 16:47:58,506898,185521,36.6,293303,57.9,28074,5.5,41,3,38,0,
2026-05-13 16:48:59,506938,185523,36.6,293339,57.9,28076,5.5,40,2,36,2,
2026-05-13 16:50:01,506980,185524,36.6,293379,57.9,28077,5.5,42,1,40,1,
2026-05-13 16:51:03,507023,185525,36.6,293421,57.9,28077,5.5,43,1,42,0,
2026-05-13 16:52:04,507062,185526,36.6,293458,57.9,28078,5.5,39,1,37,1,
2026-05-13 16:53:05,507093,185527,36.6,293486,57.9,28080,5.5,31,1,28,2,
2026-05-13 16:54:06,507122,185528,36.6,293514,57.9,28080,5.5,29,1,28,0,
2026-05-13 16:55:07,507146,185528,36.6,293538,57.9,28080,5.5,24,0,24,0,
2026-05-13 16:56:08,507187,185528,36.6,293578,57.9,28081,5.5,41,0,40,1,
2026-05-13 16:57:09,507232,185532,36.6,293618,57.9,28082,5.5,45,4,40,1,
2026-05-13 16:58:10,507260,185533,36.6,293645,57.9,28082,5.5,28,1,27,0,
2026-05-13 16:59:11,507292,185533,36.6,293675,57.9,28084,5.5,32,0,30,2,
2026-05-13 17:00:11,507327,185536,36.6,293706,57.9,28085,5.5,35,3,31,1,
2026-05-13 17:01:12,507356,185536,36.6,293735,57.9,28085,5.5,29,0,29,0,
2026-05-13 17:02:13,507388,185536,36.6,293767,57.9,28085,5.5,32,0,32,0,
2026-05-13 17:03:15,507422,185537,36.6,293798,57.9,28087,5.5,34,1,31,2,
2026-05-13 17:04:17,507456,185538,36.6,293827,57.9,28091,5.5,34,1,29,4,
2026-05-13 17:05:18,507489,185539,36.6,293858,57.9,28092,5.5,33,1,31,1,
2026-05-13 17:06:19,507516,185542,36.6,293882,57.9,28092,5.5,27,3,24,0,
2026-05-13 17:07:20,507542,185543,36.6,293905,57.9,28094,5.5,26,1,23,2,
2026-05-13 17:08:21,507576,185546,36.6,293934,57.9,28096,5.5,34,3,29,2,
2026-05-13 17:09:22,507616,185547,36.6,293969,57.9,28100,5.5,40,1,35,4,
2026-05-13 17:10:23,507646,185551,36.6,293994,57.9,28101,5.5,30,4,25,1,
2026-05-13 17:11:24,507667,185553,36.6,294013,57.9,28101,5.5,21,2,19,0,
2026-05-13 17:12:25,507696,185555,36.5,294038,57.9,28103,5.5,29,2,25,2,
2026-05-13 17:13:26,507730,185557,36.5,294068,57.9,28105,5.5,34,2,30,2,
2026-05-13 17:14:27,507770,185558,36.5,294105,57.9,28107,5.5,40,1,37,2,
2026-05-13 17:15:30,507798,185560,36.5,294129,57.9,28109,5.5,28,2,24,2,
2026-05-13 17:16:32,507827,185562,36.5,294154,57.9,28111,5.5,29,2,25,2,
2026-05-13 17:17:34,507852,185562,36.5,294177,57.9,28113,5.5,25,0,23,2,
2026-05-13 17:18:36,507880,185562,36.5,294204,57.9,28114,5.5,28,0,27,1,
2026-05-13 17:19:37,507912,185563,36.5,294234,57.9,28115,5.5,32,1,30,1,
2026-05-13 17:20:38,507945,185566,36.5,294264,57.9,28115,5.5,33,3,30,0,
2026-05-13 17:21:39,507983,185567,36.5,294300,57.9,28116,5.5,38,1,36,1,
2026-05-13 17:22:40,508012,185568,36.5,294328,57.9,28116,5.5,29,1,28,0,
2026-05-13 17:23:42,508046,185573,36.5,294355,57.9,28118,5.5,34,5,27,2,
2026-05-13 17:24:42,508071,185574,36.5,294378,57.9,28119,5.5,25,1,23,1,
2026-05-13 17:25:44,508108,185579,36.5,294407,57.9,28122,5.5,37,5,29,3,
2026-05-13 17:26:45,508138,185579,36.5,294437,57.9,28122,5.5,30,0,30,0,
2026-05-13 17:27:46,508171,185579,36.5,294465,57.9,28127,5.5,33,0,28,5,
2026-05-13 17:28:47,508194,185580,36.5,294485,57.9,28129,5.5,23,1,20,2,
2026-05-13 17:29:48,508233,185582,36.5,294520,57.9,28131,5.5,39,2,35,2,
2026-05-13 17:30:49,508265,185585,36.5,294549,58.0,28131,5.5,32,3,29,0,
2026-05-13 17:31:51,508296,185587,36.5,294575,58.0,28134,5.5,31,2,26,3,
2026-05-13 17:32:52,508314,185588,36.5,294591,58.0,28135,5.5,18,1,16,1,
2026-05-13 17:33:53,508342,185592,36.5,294614,58.0,28136,5.5,28,4,23,1,
2026-05-13 17:34:54,508374,185595,36.5,294641,58.0,28138,5.5,32,3,27,2,
2026-05-13 17:35:55,508408,185596,36.5,294672,58.0,28140,5.5,34,1,31,2,
2026-05-13 17:36:56,508434,185599,36.5,294693,58.0,28142,5.5,26,3,21,2,
2026-05-13 17:37:58,508458,185599,36.5,294716,58.0,28143,5.5,24,0,23,1,
2026-05-13 17:38:59,508484,185601,36.5,294738,58.0,28145,5.5,26,2,22,2,
2026-05-13 17:40:00,508503,185603,36.5,294753,58.0,28147,5.5,19,2,15,2,
2026-05-13 17:41:00,508522,185603,36.5,294772,58.0,28147,5.5,19,0,19,0,
2026-05-13 17:42:01,508548,185605,36.5,294795,58.0,28148,5.5,26,2,23,1,
2026-05-13 17:43:03,508565,185605,36.5,294811,58.0,28149,5.5,17,0,16,1,
2026-05-13 17:44:03,508586,185605,36.5,294831,58.0,28150,5.5,21,0,20,1,
2026-05-13 17:45:05,508613,185606,36.5,294856,58.0,28151,5.5,27,1,25,1,
2026-05-13 17:46:06,508646,185608,36.5,294887,58.0,28151,5.5,33,2,31,0,
2026-05-13 17:47:07,508678,185609,36.5,294916,58.0,28153,5.5,32,1,29,2,
2026-05-13 17:48:08,508711,185610,36.5,294947,58.0,28154,5.5,33,1,31,1,
2026-05-13 17:49:09,508736,185611,36.5,294970,58.0,28155,5.5,25,1,23,1,
2026-05-13 17:50:11,508769,185613,36.5,294999,58.0,28157,5.5,33,2,29,2,
2026-05-13 17:51:12,508795,185614,36.5,295024,58.0,28157,5.5,26,1,25,0,
2026-05-13 17:52:13,508820,185616,36.5,295045,58.0,28159,5.5,25,2,21,2,
2026-05-13 17:53:14,508844,185618,36.5,295065,58.0,28161,5.5,24,2,20,2,
2026-05-13 17:54:15,508863,185619,36.5,295081,58.0,28163,5.5,19,1,16,2,
2026-05-13 17:55:16,508889,185623,36.5,295101,58.0,28165,5.5,26,4,20,2,
2026-05-13 17:56:17,508904,185624,36.5,295115,58.0,28165,5.5,15,1,14,0,
2026-05-13 17:57:18,508922,185624,36.5,295132,58.0,28166,5.5,18,0,17,1,
2026-05-13 17:58:19,508956,185625,36.5,295163,58.0,28168,5.5,34,1,31,2,
2026-05-13 17:59:20,508983,185626,36.5,295187,58.0,28170,5.5,27,1,24,2,
2026-05-13 18:00:21,509011,185628,36.5,295211,58.0,28172,5.5,28,2,24,2,
2026-05-13 18:01:23,509036,185629,36.5,295233,58.0,28174,5.5,25,1,22,2,
2026-05-13 18:02:24,509059,185629,36.5,295256,58.0,28174,5.5,23,0,23,0,
2026-05-13 18:03:24,509080,185629,36.5,295275,58.0,28176,5.5,21,0,19,2,
2026-05-13 18:04:25,509093,185630,36.5,295286,58.0,28177,5.5,13,1,11,1,
2026-05-13 18:05:26,509116,185633,36.5,295305,58.0,28178,5.5,23,3,19,1,
2026-05-13 18:06:27,509137,185633,36.5,295324,58.0,28180,5.5,21,0,19,2,
2026-05-13 18:07:28,509160,185634,36.5,295345,58.0,28181,5.5,23,1,21,1,
2026-05-13 18:08:30,509182,185635,36.5,295365,58.0,28182,5.5,22,1,20,1,
2026-05-13 18:09:30,509202,185636,36.5,295384,58.0,28182,5.5,20,1,19,0,
2026-05-13 18:11:32,509238,185637,36.5,295416,58.0,28185,5.5,36,1,32,3,
2026-05-13 18:12:33,509257,185637,36.5,295434,58.0,28186,5.5,19,0,18,1,
2026-05-13 18:13:34,509276,185639,36.5,295450,58.0,28187,5.5,19,2,16,1,
2026-05-13 18:14:35,509289,185639,36.5,295463,58.0,28187,5.5,13,0,13,0,
2026-05-13 18:15:35,509306,185641,36.4,295478,58.0,28187,5.5,17,2,15,0,
2026-05-13 18:16:36,509326,185644,36.4,295493,58.0,28189,5.5,20,3,15,2,
2026-05-13 18:17:38,509345,185647,36.4,295509,58.0,28189,5.5,19,3,16,0,
2026-05-13 18:18:38,509360,185649,36.4,295522,58.0,28189,5.5,15,2,13,0,
2026-05-13 18:19:39,509378,185650,36.4,295538,58.0,28190,5.5,18,1,16,1,
2026-05-13 18:20:40,509408,185651,36.4,295566,58.0,28191,5.5,30,1,28,1,
2026-05-13 18:21:41,509424,185652,36.4,295580,58.0,28192,5.5,16,1,14,1,
2026-05-13 18:22:42,509454,185654,36.4,295607,58.0,28193,5.5,30,2,27,1,
2026-05-13 18:23:43,509473,185654,36.4,295625,58.0,28194,5.5,19,0,18,1,
2026-05-13 18:24:44,509495,185656,36.4,295643,58.0,28196,5.5,22,2,18,2,
2026-05-13 18:25:45,509509,185657,36.4,295656,58.0,28196,5.5,14,1,13,0,
2026-05-13 18:26:46,509528,185657,36.4,295675,58.0,28196,5.5,19,0,19,0,
2026-05-13 18:27:47,509548,185657,36.4,295693,58.0,28198,5.5,20,0,18,2,
2026-05-13 18:28:48,509572,185658,36.4,295716,58.0,28198,5.5,24,1,23,0,
2026-05-13 18:29:48,509596,185659,36.4,295738,58.0,28199,5.5,24,1,22,1,
2026-05-13 18:30:50,509613,185659,36.4,295754,58.0,28200,5.5,17,0,16,1,
2026-05-13 18:31:50,509633,185661,36.4,295772,58.0,28200,5.5,20,2,18,0,
2026-05-13 18:32:51,509650,185662,36.4,295787,58.0,28201,5.5,17,1,15,1,
2026-05-13 18:33:52,509680,185663,36.4,295815,58.0,28202,5.5,30,1,28,1,
2026-05-13 18:34:53,509701,185666,36.4,295832,58.0,28203,5.5,21,3,17,1,
2026-05-13 18:35:54,509719,185666,36.4,295847,58.0,28206,5.5,18,0,15,3,
2026-05-13 18:36:55,509748,185668,36.4,295873,58.0,28207,5.5,29,2,26,1,
2026-05-13 18:37:56,509781,185669,36.4,295904,58.0,28208,5.5,33,1,31,1,
2026-05-13 18:38:57,509805,185671,36.4,295924,58.0,28210,5.5,24,2,20,2,
2026-05-13 18:39:58,509818,185671,36.4,295935,58.0,28212,5.5,13,0,11,2,
2026-05-13 18:40:59,509836,185671,36.4,295953,58.0,28212,5.5,18,0,18,0,
2026-05-13 18:42:01,509861,185673,36.4,295976,58.1,28212,5.5,25,2,23,0,
2026-05-13 18:43:03,509886,185674,36.4,296000,58.1,28212,5.5,25,1,24,0,
2026-05-13 18:44:04,509907,185675,36.4,296019,58.1,28213,5.5,21,1,19,1,
2026-05-13 18:45:05,509925,185675,36.4,296037,58.1,28213,5.5,18,0,18,0,
2026-05-13 18:46:06,509947,185677,36.4,296057,58.1,28213,5.5,22,2,20,0,
2026-05-13 18:47:09,509973,185678,36.4,296082,58.1,28213,5.5,26,1,25,0,
2026-05-13 18:48:10,509995,185679,36.4,296103,58.1,28213,5.5,22,1,21,0,
2026-05-13 18:49:11,510016,185680,36.4,296122,58.1,28214,5.5,21,1,19,1,
2026-05-13 18:50:12,510036,185682,36.4,296138,58.1,28216,5.5,20,2,16,2,
2026-05-13 18:51:13,510063,185682,36.4,296164,58.1,28217,5.5,27,0,26,1,
2026-05-13 18:52:14,510093,185684,36.4,296191,58.1,28218,5.5,30,2,27,1,
2026-05-13 18:53:15,510118,185686,36.4,296212,58.1,28220,5.5,25,2,21,2,
2026-05-13 18:54:16,510147,185689,36.4,296236,58.1,28222,5.5,29,3,24,2,
2026-05-13 18:55:17,510163,185691,36.4,296249,58.1,28223,5.5,16,2,13,1,
2026-05-13 18:56:18,510188,185694,36.4,296270,58.1,28224,5.5,25,3,21,1,
2026-05-13 18:57:19,510219,185695,36.4,296300,58.1,28224,5.5,31,1,30,0,
2026-05-13 18:58:20,510240,185698,36.4,296317,58.1,28225,5.5,21,3,17,1,
2026-05-13 18:59:21,510262,185699,36.4,296338,58.1,28225,5.5,22,1,21,0,
2026-05-13 19:00:22,510280,185699,36.4,296354,58.1,28227,5.5,18,0,16,2,
2026-05-13 19:01:23,510300,185701,36.4,296372,58.1,28227,5.5,20,2,18,0,
2026-05-13 19:02:24,510317,185701,36.4,296389,58.1,28227,5.5,17,0,17,0,
2026-05-13 19:03:25,510333,185704,36.4,296402,58.1,28227,5.5,16,3,13,0,
2026-05-13 19:04:26,510356,185705,36.4,296423,58.1,28228,5.5,23,1,21,1,
2026-05-13 19:05:27,510376,185705,36.4,296443,58.1,28228,5.5,20,0,20,0,
2026-05-13 19:06:28,510397,185706,36.4,296463,58.1,28228,5.5,21,1,20,0,
2026-05-13 19:07:29,510414,185708,36.4,296478,58.1,28228,5.5,17,2,15,0,
2026-05-13 19:08:30,510429,185709,36.4,296491,58.1,28229,5.5,15,1,13,1,
2026-05-13 19:09:31,510442,185709,36.4,296504,58.1,28229,5.5,13,0,13,0,
2026-05-13 19:10:32,510469,185711,36.4,296527,58.1,28231,5.5,27,2,23,2,
2026-05-13 19:11:33,510492,185711,36.4,296548,58.1,28233,5.5,23,0,21,2,
2026-05-13 19:12:33,510515,185713,36.4,296568,58.1,28234,5.5,23,2,20,1,
2026-05-13 19:13:34,510533,185713,36.4,296586,58.1,28234,5.5,18,0,18,0,
2026-05-13 19:14:35,510557,185714,36.4,296609,58.1,28234,5.5,24,1,23,0,
2026-05-13 19:15:38,510580,185714,36.4,296630,58.1,28236,5.5,23,0,21,2,
2026-05-13 19:16:39,510595,185714,36.4,296644,58.1,28237,5.5,15,0,14,1,
2026-05-13 19:17:40,510615,185714,36.4,296663,58.1,28238,5.5,20,0,19,1,
2026-05-13 19:18:41,510635,185715,36.4,296682,58.1,28238,5.5,20,1,19,0,
2026-05-13 19:19:42,510653,185715,36.4,296700,58.1,28238,5.5,18,0,18,0,
2026-05-13 19:20:43,510667,185715,36.4,296713,58.1,28239,5.5,14,0,13,1,
2026-05-13 19:21:44,510683,185716,36.4,296728,58.1,28239,5.5,16,1,15,0,
2026-05-13 19:22:45,510704,185718,36.4,296746,58.1,28240,5.5,21,2,18,1,
2026-05-13 19:23:46,510731,185719,36.4,296772,58.1,28240,5.5,27,1,26,0,
2026-05-13 19:24:48,510757,185719,36.4,296798,58.1,28240,5.5,26,0,26,0,
2026-05-13 19:25:49,510779,185719,36.4,296817,58.1,28243,5.5,22,0,19,3,
2026-05-13 19:26:50,510806,185720,36.4,296840,58.1,28246,5.5,27,1,23,3,
2026-05-13 19:27:50,510827,185720,36.4,296860,58.1,28247,5.5,21,0,20,1,
2026-05-13 19:28:51,510846,185720,36.4,296879,58.1,28247,5.5,19,0,19,0,
2026-05-13 19:29:52,510865,185720,36.4,296897,58.1,28248,5.5,19,0,18,1,
2026-05-13 19:30:53,510890,185721,36.4,296921,58.1,28248,5.5,25,1,24,0,
2026-05-13 19:31:54,510910,185721,36.4,296939,58.1,28250,5.5,20,0,18,2,
2026-05-13 19:32:55,510932,185722,36.3,296960,58.1,28250,5.5,22,1,21,0,
2026-05-13 19:33:56,510958,185724,36.3,296982,58.1,28252,5.5,26,2,22,2,
2026-05-13 19:34:57,510977,185725,36.3,297000,58.1,28252,5.5,19,1,18,0,
2026-05-13 19:35:58,510996,185727,36.3,297016,58.1,28253,5.5,19,2,16,1,
2026-05-13 19:36:59,511012,185728,36.3,297031,58.1,28253,5.5,16,1,15,0,
2026-05-13 19:38:00,511021,185729,36.3,297039,58.1,28253,5.5,9,1,8,0,
2026-05-13 19:39:01,511041,185732,36.3,297055,58.1,28254,5.5,20,3,16,1,
2026-05-13 19:40:02,511057,185732,36.3,297071,58.1,28254,5.5,16,0,16,0,
2026-05-13 19:41:03,511080,185735,36.3,297091,58.1,28254,5.5,23,3,20,0,
2026-05-13 19:42:04,511099,185735,36.3,297108,58.1,28256,5.5,19,0,17,2,
2026-05-13 19:43:05,511112,185735,36.3,297121,58.1,28256,5.5,13,0,13,0,
2026-05-13 19:44:06,511132,185735,36.3,297141,58.1,28256,5.5,20,0,20,0,
2026-05-13 19:45:07,511148,185735,36.3,297156,58.1,28257,5.5,16,0,15,1,
2026-05-13 19:46:08,511164,185736,36.3,297171,58.1,28257,5.5,16,1,15,0,
2026-05-13 19:47:09,511178,185737,36.3,297183,58.1,28258,5.5,14,1,12,1,
2026-05-13 19:48:10,511192,185737,36.3,297197,58.1,28258,5.5,14,0,14,0,
2026-05-13 19:49:11,511207,185737,36.3,297212,58.1,28258,5.5,15,0,15,0,
2026-05-13 19:50:12,511227,185739,36.3,297229,58.1,28259,5.5,20,2,17,1,
2026-05-13 19:51:13,511246,185742,36.3,297245,58.1,28259,5.5,19,3,16,0,
2026-05-13 19:52:14,511264,185744,36.3,297261,58.1,28259,5.5,18,2,16,0,
2026-05-13 19:53:15,511284,185745,36.3,297278,58.1,28261,5.5,20,1,17,2,
2026-05-13 19:54:16,511301,185747,36.3,297292,58.1,28262,5.5,17,2,14,1,
2026-05-13 19:55:17,511325,185747,36.3,297316,58.1,28262,5.5,24,0,24,0,
2026-05-13 19:56:18,511345,185748,36.3,297335,58.1,28262,5.5,20,1,19,0,
2026-05-13 19:57:19,511369,185748,36.3,297359,58.1,28262,5.5,24,0,24,0,
2026-05-13 19:58:20,511379,185749,36.3,297368,58.2,28262,5.5,10,1,9,0,
2026-05-13 19:59:21,511396,185749,36.3,297385,58.2,28262,5.5,17,0,17,0,
2026-05-13 20:00:22,511415,185751,36.3,297402,58.2,28262,5.5,19,2,17,0,
2026-05-13 20:01:22,511437,185753,36.3,297419,58.2,28265,5.5,22,2,17,3,
2026-05-13 20:02:23,511453,185754,36.3,297434,58.2,28265,5.5,16,1,15,0,
2026-05-13 20:03:25,511473,185754,36.3,297454,58.2,28265,5.5,20,0,20,0,
2026-05-13 20:04:26,511491,185755,36.3,297470,58.2,28266,5.5,18,1,16,1,
2026-05-13 20:05:27,511522,185759,36.3,297497,58.2,28266,5.5,31,4,27,0,
2026-05-13 20:06:28,511532,185761,36.3,297505,58.2,28266,5.5,10,2,8,0,
2026-05-13 20:07:29,511552,185761,36.3,297524,58.2,28267,5.5,20,0,19,1,
2026-05-13 20:08:29,511566,185763,36.3,297536,58.2,28267,5.5,14,2,12,0,
2026-05-13 20:11:01,511619,185767,36.3,297585,58.2,28267,5.5,53,4,49,0,
2026-05-13 20:12:02,511636,185768,36.3,297600,58.2,28268,5.5,17,1,15,1,
2026-05-13 20:13:03,511659,185771,36.3,297618,58.2,28270,5.5,23,3,18,2,
2026-05-13 20:14:04,511676,185771,36.3,297635,58.2,28270,5.5,17,0,17,0,
2026-05-13 20:15:05,511690,185771,36.3,297648,58.2,28271,5.5,14,0,13,1,
2026-05-13 20:16:06,511707,185772,36.3,297663,58.2,28272,5.5,17,1,15,1,
2026-05-13 20:17:07,511719,185773,36.3,297673,58.2,28273,5.5,12,1,10,1,
2026-05-13 20:18:08,511739,185774,36.3,297691,58.2,28274,5.5,20,1,18,1,
2026-05-13 20:19:09,511757,185776,36.3,297706,58.2,28275,5.5,18,2,15,1,
2026-05-13 20:20:10,511773,185780,36.3,297718,58.2,28275,5.5,16,4,12,0,
2026-05-13 20:21:11,511781,185780,36.3,297725,58.2,28276,5.5,8,0,7,1,
2026-05-13 20:22:12,511796,185781,36.3,297738,58.2,28277,5.5,15,1,13,1,
2026-05-13 20:23:14,511812,185782,36.3,297751,58.2,28279,5.5,16,1,13,2,
2026-05-13 20:24:14,511830,185784,36.3,297767,58.2,28279,5.5,18,2,16,0,
2026-05-13 20:25:15,511841,185784,36.3,297777,58.2,28280,5.5,11,0,10,1,
2026-05-13 20:26:16,511861,185784,36.3,297797,58.2,28280,5.5,20,0,20,0,
2026-05-13 20:27:17,511883,185786,36.3,297814,58.2,28283,5.5,22,2,17,3,
2026-05-13 20:28:18,511901,185787,36.3,297830,58.2,28284,5.5,18,1,16,1,
2026-05-13 20:29:20,511916,185789,36.3,297843,58.2,28284,5.5,15,2,13,0,
2026-05-13 20:30:20,511932,185790,36.3,297854,58.2,28288,5.5,16,1,11,4,
2026-05-13 20:31:21,511956,185791,36.3,297875,58.2,28290,5.5,24,1,21,2,
2026-05-13 20:32:22,511975,185791,36.3,297892,58.2,28292,5.5,19,0,17,2,
2026-05-13 20:33:23,511995,185793,36.3,297909,58.2,28293,5.5,20,2,17,1,
2026-05-13 20:34:24,512003,185793,36.3,297917,58.2,28293,5.5,8,0,8,0,
2026-05-13 20:35:25,512022,185796,36.3,297933,58.2,28293,5.5,19,3,16,0,
2026-05-13 20:36:26,512039,185796,36.3,297950,58.2,28293,5.5,17,0,17,0,
2026-05-13 20:37:27,512057,185797,36.3,297965,58.2,28295,5.5,18,1,15,2,
2026-05-13 20:38:28,512069,185798,36.3,297976,58.2,28295,5.5,12,1,11,0,
2026-05-13 20:39:29,512086,185799,36.3,297991,58.2,28296,5.5,17,1,15,1,
2026-05-13 20:40:30,512105,185799,36.3,298010,58.2,28296,5.5,19,0,19,0,
2026-05-13 20:41:31,512121,185799,36.3,298026,58.2,28296,5.5,16,0,16,0,
2026-05-13 20:42:32,512138,185800,36.3,298041,58.2,28297,5.5,17,1,15,1,
2026-05-13 20:43:33,512153,185801,36.3,298053,58.2,28299,5.5,15,1,12,2,
2026-05-13 20:44:34,512168,185801,36.3,298068,58.2,28299,5.5,15,0,15,0,
2026-05-13 20:45:35,512186,185804,36.3,298081,58.2,28301,5.5,18,3,13,2,
2026-05-13 20:46:36,512197,185805,36.3,298090,58.2,28302,5.5,11,1,9,1,
2026-05-13 20:47:37,512209,185805,36.3,298102,58.2,28302,5.5,12,0,12,0,
2026-05-13 20:48:38,512215,185805,36.3,298108,58.2,28302,5.5,6,0,6,0,
2026-05-13 20:49:39,512234,185807,36.3,298123,58.2,28304,5.5,19,2,15,2,
2026-05-13 20:50:40,512259,185807,36.3,298145,58.2,28307,5.5,25,0,22,3,
2026-05-13 20:51:40,512267,185808,36.3,298152,58.2,28307,5.5,8,1,7,0,
2026-05-13 20:52:41,512283,185810,36.3,298165,58.2,28308,5.5,16,2,13,1,
2026-05-13 20:53:42,512300,185810,36.3,298179,58.2,28311,5.5,17,0,14,3,
2026-05-13 20:54:43,512313,185810,36.3,298191,58.2,28312,5.5,13,0,12,1,
2026-05-13 20:55:44,512331,185811,36.3,298207,58.2,28313,5.5,18,1,16,1,
2026-05-13 20:56:45,512348,185812,36.3,298223,58.2,28313,5.5,17,1,16,0,
2026-05-13 20:57:46,512359,185813,36.3,298233,58.2,28313,5.5,11,1,10,0,
2026-05-13 20:58:47,512381,185813,36.3,298254,58.2,28314,5.5,22,0,21,1,
2026-05-13 20:59:48,512396,185815,36.3,298266,58.2,28315,5.5,15,2,12,1,
2026-05-13 21:00:48,512413,185816,36.3,298280,58.2,28317,5.5,17,1,14,2,
2026-05-13 21:01:49,512432,185818,36.3,298297,58.2,28317,5.5,19,2,17,0,
2026-05-13 21:02:50,512445,185819,36.3,298309,58.2,28317,5.5,13,1,12,0,
2026-05-13 21:03:51,512453,185819,36.3,298317,58.2,28317,5.5,8,0,8,0,
2026-05-13 21:04:52,512465,185819,36.3,298327,58.2,28319,5.5,12,0,10,2,
2026-05-13 21:05:53,512482,185819,36.3,298343,58.2,28320,5.5,17,0,16,1,
2026-05-13 21:06:54,512499,185820,36.3,298358,58.2,28321,5.5,17,1,15,1,
2026-05-13 21:07:55,512512,185822,36.3,298368,58.2,28322,5.5,13,2,10,1,
2026-05-13 21:08:56,512526,185822,36.3,298382,58.2,28322,5.5,14,0,14,0,
2026-05-13 21:09:57,512536,185822,36.3,298390,58.2,28324,5.5,10,0,8,2,
2026-05-13 21:42:59,513034,185841,36.2,298851,58.3,28342,5.5,498,19,461,18,"SPIKE Satheesan: +461 votes/min (avg 12, std 3, threshold 22)"
2026-05-13 21:44:01,513051,185841,36.2,298867,58.3,28343,5.5,17,0,16,1,
2026-05-13 21:45:02,513065,185842,36.2,298880,58.3,28343,5.5,14,1,13,0,
2026-05-13 21:46:03,513080,185842,36.2,298893,58.3,28345,5.5,15,0,13,2,
2026-05-13 21:47:04,513096,185842,36.2,298907,58.3,28347,5.5,16,0,14,2,
2026-05-13 21:48:04,513111,185842,36.2,298922,58.3,28347,5.5,15,0,15,0,
2026-05-13 21:49:05,513123,185842,36.2,298934,58.3,28347,5.5,12,0,12,0,
2026-05-13 21:50:06,513130,185843,36.2,298940,58.3,28347,5.5,7,1,6,0,
2026-05-13 21:51:07,513141,185843,36.2,298951,58.3,28347,5.5,11,0,11,0,
2026-05-13 21:52:08,513159,185846,36.2,298965,58.3,28348,5.5,18,3,14,1,
2026-05-13 21:53:09,513176,185847,36.2,298980,58.3,28349,5.5,17,1,15,1,
2026-05-13 21:54:10,513196,185848,36.2,298999,58.3,28349,5.5,20,1,19,0,
2026-05-13 21:55:12,513213,185848,36.2,299015,58.3,28350,5.5,17,0,16,1,
2026-05-13 21:56:13,513228,185848,36.2,299030,58.3,28350,5.5,15,0,15,0,
2026-05-13 21:57:14,513247,185848,36.2,299049,58.3,28350,5.5,19,0,19,0,
2026-05-13 21:58:15,513263,185848,36.2,299065,58.3,28350,5.5,16,0,16,0,
2026-05-13 21:59:16,513281,185849,36.2,299081,58.3,28351,5.5,18,1,16,1,
2026-05-13 22:00:17,513290,185850,36.2,299089,58.3,28351,5.5,9,1,8,0,
2026-05-13 22:01:18,513305,185850,36.2,299104,58.3,28351,5.5,15,0,15,0,
2026-05-13 22:02:19,513321,185850,36.2,299120,58.3,28351,5.5,16,0,16,0,
2026-05-13 22:03:21,513336,185852,36.2,299131,58.3,28353,5.5,15,2,11,2,
2026-05-13 22:04:21,513345,185852,36.2,299140,58.3,28353,5.5,9,0,9,0,
2026-05-13 22:05:22,513358,185852,36.2,299152,58.3,28354,5.5,13,0,12,1,
2026-05-13 22:06:23,513371,185852,36.2,299164,58.3,28355,5.5,13,0,12,1,
2026-05-13 22:07:24,513384,185852,36.2,299177,58.3,28355,5.5,13,0,13,0,
2026-05-13 22:08:25,513396,185853,36.2,299187,58.3,28356,5.5,12,1,10,1,
2026-05-13 22:09:26,513402,185853,36.2,299193,58.3,28356,5.5,6,0,6,0,
2026-05-13 22:10:27,513416,185854,36.2,299206,58.3,28356,5.5,14,1,13,0,
2026-05-13 22:11:27,513425,185856,36.2,299212,58.3,28357,5.5,9,2,6,1,
2026-05-13 22:12:29,513441,185857,36.2,299226,58.3,28358,5.5,16,1,14,1,
2026-05-13 22:13:30,513454,185858,36.2,299235,58.3,28361,5.5,13,1,9,3,
2026-05-13 22:14:31,513464,185859,36.2,299244,58.3,28361,5.5,10,1,9,0,
2026-05-13 22:15:31,513478,185860,36.2,299257,58.3,28361,5.5,14,1,13,0,
2026-05-13 22:16:32,513488,185860,36.2,299267,58.3,28361,5.5,10,0,10,0,
2026-05-13 22:17:33,513503,185860,36.2,299282,58.3,28361,5.5,15,0,15,0,
2026-05-13 22:18:34,513514,185860,36.2,299293,58.3,28361,5.5,11,0,11,0,
2026-05-13 22:19:35,513527,185861,36.2,299305,58.3,28361,5.5,13,1,12,0,
2026-05-13 22:20:37,513539,185861,36.2,299317,58.3,28361,5.5,12,0,12,0,
2026-05-13 22:21:38,513552,185862,36.2,299328,58.3,28362,5.5,13,1,11,1,
2026-05-13 22:22:38,513565,185863,36.2,299340,58.3,28362,5.5,13,1,12,0,
2026-05-13 22:23:40,513580,185864,36.2,299353,58.3,28363,5.5,15,1,13,1,
2026-05-13 22:24:41,513596,185864,36.2,299368,58.3,28364,5.5,16,0,15,1,
2026-05-13 22:25:41,513613,185865,36.2,299384,58.3,28364,5.5,17,1,16,0,
2026-05-13 22:26:42,513626,185865,36.2,299396,58.3,28365,5.5,13,0,12,1,
2026-05-13 22:27:43,513639,185867,36.2,299406,58.3,28366,5.5,13,2,10,1,
2026-05-13 22:28:44,513652,185867,36.2,299418,58.3,28367,5.5,13,0,12,1,
2026-05-13 22:29:45,513659,185867,36.2,299425,58.3,28367,5.5,7,0,7,0,
2026-05-13 22:30:46,513667,185867,36.2,299433,58.3,28367,5.5,8,0,8,0,
2026-05-13 22:31:47,513677,185868,36.2,299441,58.3,28368,5.5,10,1,8,1,
2026-05-13 22:32:48,513685,185868,36.2,299449,58.3,28368,5.5,8,0,8,0,
2026-05-13 22:33:49,513697,185868,36.2,299461,58.3,28368,5.5,12,0,12,0,
2026-05-13 22:34:50,513709,185869,36.2,299471,58.3,28369,5.5,12,1,10,1,
2026-05-13 22:35:51,513720,185869,36.2,299482,58.3,28369,5.5,11,0,11,0,
2026-05-13 22:36:52,513736,185869,36.2,299497,58.3,28370,5.5,16,0,15,1,
2026-05-13 22:37:53,513747,185869,36.2,299508,58.3,28370,5.5,11,0,11,0,
2026-05-13 22:38:54,513761,185869,36.2,299522,58.3,28370,5.5,14,0,14,0,
2026-05-13 22:39:55,513776,185870,36.2,299536,58.3,28370,5.5,15,1,14,0,
2026-05-13 22:40:56,513793,185870,36.2,299553,58.3,28370,5.5,17,0,17,0,
2026-05-13 22:41:57,513806,185870,36.2,299564,58.3,28372,5.5,13,0,11,2,
2026-05-13 22:42:58,513821,185872,36.2,299574,58.3,28375,5.5,15,2,10,3,
2026-05-13 22:43:59,513833,185874,36.2,299584,58.3,28375,5.5,12,2,10,0,
2026-05-13 22:45:00,513842,185874,36.2,299593,58.3,28375,5.5,9,0,9,0,
2026-05-13 22:46:01,513854,185874,36.2,299605,58.3,28375,5.5,12,0,12,0,
2026-05-13 22:47:02,513870,185875,36.2,299619,58.3,28376,5.5,16,1,14,1,
2026-05-13 22:48:03,513879,185876,36.2,299627,58.3,28376,5.5,9,1,8,0,
2026-05-13 22:49:04,513896,185876,36.2,299643,58.3,28377,5.5,17,0,16,1,
2026-05-13 22:50:05,513916,185876,36.2,299663,58.3,28377,5.5,20,0,20,0,
2026-05-13 22:51:06,513926,185876,36.2,299673,58.3,28377,5.5,10,0,10,0,
2026-05-13 22:52:07,513938,185876,36.2,299685,58.3,28377,5.5,12,0,12,0,
2026-05-13 22:53:08,513958,185877,36.2,299702,58.3,28379,5.5,20,1,17,2,
2026-05-13 22:54:09,513972,185877,36.2,299714,58.3,28381,5.5,14,0,12,2,
2026-05-13 22:55:10,513984,185878,36.2,299724,58.3,28382,5.5,12,1,10,1,
2026-05-13 22:56:11,513996,185878,36.2,299734,58.3,28384,5.5,12,0,10,2,
2026-05-13 22:57:11,514008,185879,36.2,299745,58.3,28384,5.5,12,1,11,0,
2026-05-13 22:58:12,514019,185879,36.2,299756,58.3,28384,5.5,11,0,11,0,
2026-05-13 22:59:13,514030,185879,36.2,299766,58.3,28385,5.5,11,0,10,1,
2026-05-13 23:00:14,514041,185880,36.2,299776,58.3,28385,5.5,11,1,10,0,
2026-05-13 23:01:15,514056,185880,36.2,299791,58.3,28385,5.5,15,0,15,0,
2026-05-13 23:02:16,514066,185881,36.2,299799,58.3,28386,5.5,10,1,8,1,
2026-05-14 03:15:19,515301,185953,36.1,300904,58.4,28444,5.5,0,0,0,0,
2026-05-14 03:16:21,515304,185953,36.1,300907,58.4,28444,5.5,3,0,3,0,
2026-05-14 03:17:22,515304,185953,36.1,300907,58.4,28444,5.5,0,0,0,0,
2026-05-14 03:18:23,515306,185954,36.1,300908,58.4,28444,5.5,2,1,1,0,
2026-05-14 03:19:25,515308,185954,36.1,300909,58.4,28445,5.5,2,0,1,1,
2026-05-14 03:20:30,515308,185954,36.1,300909,58.4,28445,5.5,0,0,0,0,
2026-05-14 03:21:31,515314,185954,36.1,300915,58.4,28445,5.5,6,0,6,0,
2026-05-14 03:22:32,515316,185955,36.1,300916,58.4,28445,5.5,2,1,1,0,
2026-05-14 03:23:33,515317,185955,36.1,300917,58.4,28445,5.5,1,0,1,0,
2026-05-14 03:24:34,515321,185955,36.1,300921,58.4,28445,5.5,4,0,4,0,
2026-05-14 03:25:35,515324,185955,36.1,300924,58.4,28445,5.5,3,0,3,0,
2026-05-14 03:26:36,515326,185955,36.1,300926,58.4,28445,5.5,2,0,2,0,
2026-05-14 03:27:38,515330,185955,36.1,300930,58.4,28445,5.5,4,0,4,0,
2026-05-14 03:28:39,515333,185955,36.1,300933,58.4,28445,5.5,3,0,3,0,
2026-05-14 03:29:40,515335,185955,36.1,300935,58.4,28445,5.5,2,0,2,0,
2026-05-14 03:30:41,515337,185956,36.1,300936,58.4,28445,5.5,2,1,1,0,
2026-05-14 03:31:42,515339,185956,36.1,300938,58.4,28445,5.5,2,0,2,0,
2026-05-14 03:32:43,515343,185956,36.1,300941,58.4,28446,5.5,4,0,3,1,
2026-05-14 03:33:45,515343,185956,36.1,300941,58.4,28446,5.5,0,0,0,0,
2026-05-14 03:34:46,515344,185956,36.1,300942,58.4,28446,5.5,1,0,1,0,
2026-05-14 03:35:47,515346,185956,36.1,300944,58.4,28446,5.5,2,0,2,0,
2026-05-14 03:36:48,515348,185956,36.1,300946,58.4,28446,5.5,2,0,2,0,
2026-05-14 03:37:49,515348,185956,36.1,300946,58.4,28446,5.5,0,0,0,0,
2026-05-14 03:38:50,515348,185956,36.1,300946,58.4,28446,5.5,0,0,0,0,
2026-05-14 03:39:51,515350,185956,36.1,300948,58.4,28446,5.5,2,0,2,0,
2026-05-14 03:40:53,515350,185956,36.1,300948,58.4,28446,5.5,0,0,0,0,
2026-05-14 03:41:54,515350,185956,36.1,300948,58.4,28446,5.5,0,0,0,0,
2026-05-14 03:42:55,515353,185956,36.1,300951,58.4,28446,5.5,3,0,3,0,
2026-05-14 03:43:57,515353,185956,36.1,300951,58.4,28446,5.5,0,0,0,0,
2026-05-14 03:44:58,515354,185956,36.1,300952,58.4,28446,5.5,1,0,1,0,
2026-05-14 03:45:59,515355,185956,36.1,300953,58.4,28446,5.5,1,0,1,0,
2026-05-14 03:47:00,515357,185956,36.1,300955,58.4,28446,5.5,2,0,2,0,
2026-05-14 03:48:01,515359,185956,36.1,300957,58.4,28446,5.5,2,0,2,0,
2026-05-14 03:49:02,515362,185956,36.1,300960,58.4,28446,5.5,3,0,3,0,
2026-05-14 03:50:04,515366,185956,36.1,300963,58.4,28447,5.5,4,0,3,1,
2026-05-14 03:51:05,515369,185956,36.1,300966,58.4,28447,5.5,3,0,3,0,
2026-05-14 03:52:06,515370,185956,36.1,300967,58.4,28447,5.5,1,0,1,0,
2026-05-14 03:53:08,515371,185956,36.1,300968,58.4,28447,5.5,1,0,1,0,
2026-05-14 03:54:09,515372,185956,36.1,300969,58.4,28447,5.5,1,0,1,0,
2026-05-14 03:55:11,515374,185956,36.1,300971,58.4,28447,5.5,2,0,2,0,
2026-05-14 03:56:12,515374,185956,36.1,300971,58.4,28447,5.5,0,0,0,0,
2026-05-14 03:57:13,515378,185956,36.1,300975,58.4,28447,5.5,4,0,4,0,
2026-05-14 03:58:14,515378,185956,36.1,300975,58.4,28447,5.5,0,0,0,0,
2026-05-14 03:59:15,515381,185956,36.1,300978,58.4,28447,5.5,3,0,3,0,
2026-05-14 04:00:16,515382,185956,36.1,300979,58.4,28447,5.5,1,0,1,0,
2026-05-14 04:01:17,515383,185956,36.1,300980,58.4,28447,5.5,1,0,1,0,
2026-05-14 04:02:18,515385,185956,36.1,300982,58.4,28447,5.5,2,0,2,0,
2026-05-14 04:03:19,515385,185956,36.1,300982,58.4,28447,5.5,0,0,0,0,
2026-05-14 04:04:20,515389,185956,36.1,300986,58.4,28447,5.5,4,0,4,0,
2026-05-14 04:05:22,515390,185956,36.1,300987,58.4,28447,5.5,1,0,1,0,
2026-05-14 04:06:23,515393,185956,36.1,300989,58.4,28448,5.5,3,0,2,1,
2026-05-14 04:07:24,515393,185956,36.1,300989,58.4,28448,5.5,0,0,0,0,
2026-05-14 04:08:26,515397,185956,36.1,300992,58.4,28449,5.5,4,0,3,1,
2026-05-14 04:09:27,515398,185956,36.1,300993,58.4,28449,5.5,1,0,1,0,
2026-05-14 04:10:28,515399,185956,36.1,300994,58.4,28449,5.5,1,0,1,0,
2026-05-14 04:11:29,515400,185957,36.1,300994,58.4,28449,5.5,1,1,0,0,
2026-05-14 04:12:31,515400,185957,36.1,300994,58.4,28449,5.5,0,0,0,0,
2026-05-14 04:13:32,515401,185957,36.1,300995,58.4,28449,5.5,1,0,1,0,
2026-05-14 04:14:33,515403,185957,36.1,300997,58.4,28449,5.5,2,0,2,0,
2026-05-14 04:15:34,515403,185957,36.1,300997,58.4,28449,5.5,0,0,0,0,
2026-05-14 04:16:35,515405,185957,36.1,300999,58.4,28449,5.5,2,0,2,0,
2026-05-14 04:17:36,515409,185957,36.1,301003,58.4,28449,5.5,4,0,4,0,
2026-05-14 04:18:38,515409,185957,36.1,301003,58.4,28449,5.5,0,0,0,0,
2026-05-14 04:19:39,515409,185957,36.1,301003,58.4,28449,5.5,0,0,0,0,
2026-05-14 04:20:40,515410,185957,36.1,301004,58.4,28449,5.5,1,0,1,0,
2026-05-14 04:21:41,515413,185957,36.1,301007,58.4,28449,5.5,3,0,3,0,
2026-05-14 04:22:42,515414,185957,36.1,301007,58.4,28450,5.5,1,0,0,1,
2026-05-14 04:23:43,515415,185957,36.1,301008,58.4,28450,5.5,1,0,1,0,
2026-05-14 04:24:44,515417,185957,36.1,301009,58.4,28451,5.5,2,0,1,1,
2026-05-14 04:25:46,515422,185957,36.1,301014,58.4,28451,5.5,5,0,5,0,
2026-05-14 04:27:27,,,,,,,,,,,,ERROR: <urlopen error timed out>
2026-05-14 04:28:28,515427,185957,36.1,301019,58.4,28451,5.5,5,0,5,0,
2026-05-14 04:29:29,515429,185957,36.1,301021,58.4,28451,5.5,2,0,2,0,
2026-05-14 04:30:30,515429,185957,36.1,301021,58.4,28451,5.5,0,0,0,0,
2026-05-14 04:31:32,515431,185957,36.1,301023,58.4,28451,5.5,2,0,2,0,
2026-05-14 04:32:33,515432,185957,36.1,301024,58.4,28451,5.5,1,0,1,0,
2026-05-14 04:33:34,515433,185957,36.1,301025,58.4,28451,5.5,1,0,1,0,
2026-05-14 04:34:35,515436,185957,36.1,301028,58.4,28451,5.5,3,0,3,0,
2026-05-14 04:35:37,515439,185957,36.1,301031,58.4,28451,5.5,3,0,3,0,
2026-05-14 04:36:38,515441,185957,36.1,301033,58.4,28451,5.5,2,0,2,0,
2026-05-14 04:37:39,515442,185957,36.1,301034,58.4,28451,5.5,1,0,1,0,
2026-05-14 04:38:40,515442,185957,36.1,301034,58.4,28451,5.5,0,0,0,0,
2026-05-14 04:39:41,515445,185957,36.1,301037,58.4,28451,5.5,3,0,3,0,
2026-05-14 04:40:42,515446,185957,36.1,301038,58.4,28451,5.5,1,0,1,0,
2026-05-14 04:41:43,515448,185957,36.1,301040,58.4,28451,5.5,2,0,2,0,
2026-05-14 04:42:44,515450,185957,36.1,301042,58.4,28451,5.5,2,0,2,0,
2026-05-14 04:43:45,515451,185957,36.1,301043,58.4,28451,5.5,1,0,1,0,
2026-05-14 04:44:46,515452,185957,36.1,301043,58.4,28452,5.5,1,0,0,1,
2026-05-14 04:45:48,515456,185957,36.1,301046,58.4,28453,5.5,4,0,3,1,
2026-05-14 04:46:49,515456,185957,36.1,301046,58.4,28453,5.5,0,0,0,0,
2026-05-14 04:47:50,515458,185957,36.1,301048,58.4,28453,5.5,2,0,2,0,
2026-05-14 04:48:51,515462,185957,36.1,301052,58.4,28453,5.5,4,0,4,0,
2026-05-14 04:49:52,515463,185957,36.1,301053,58.4,28453,5.5,1,0,1,0,
2026-05-14 04:50:53,515465,185957,36.1,301055,58.4,28453,5.5,2,0,2,0,
2026-05-14 04:51:54,515466,185957,36.1,301056,58.4,28453,5.5,1,0,1,0,
2026-05-14 04:52:55,515468,185957,36.1,301057,58.4,28454,5.5,2,0,1,1,
2026-05-14 04:53:56,515470,185957,36.1,301059,58.4,28454,5.5,2,0,2,0,
2026-05-14 04:54:58,515471,185958,36.1,301059,58.4,28454,5.5,1,1,0,0,
2026-05-14 04:55:59,515472,185958,36.1,301060,58.4,28454,5.5,1,0,1,0,
2026-05-14 04:57:00,515473,185958,36.1,301061,58.4,28454,5.5,1,0,1,0,
2026-05-14 04:58:01,515474,185958,36.1,301062,58.4,28454,5.5,1,0,1,0,
2026-05-14 04:59:02,515475,185958,36.1,301063,58.4,28454,5.5,1,0,1,0,
2026-05-14 05:00:03,515478,185958,36.1,301065,58.4,28455,5.5,3,0,2,1,
2026-05-14 05:01:04,515482,185958,36.1,301069,58.4,28455,5.5,4,0,4,0,
2026-05-14 05:02:05,515483,185958,36.1,301070,58.4,28455,5.5,1,0,1,0,
2026-05-14 05:03:06,515483,185958,36.1,301070,58.4,28455,5.5,0,0,0,0,
2026-05-14 05:04:07,515485,185958,36.1,301072,58.4,28455,5.5,2,0,2,0,
2026-05-14 05:05:07,515487,185958,36.1,301074,58.4,28455,5.5,2,0,2,0,
2026-05-14 05:06:09,515488,185958,36.1,301075,58.4,28455,5.5,1,0,1,0,
2026-05-14 05:07:10,515489,185958,36.1,301076,58.4,28455,5.5,1,0,1,0,
2026-05-14 05:08:11,515489,185958,36.1,301076,58.4,28455,5.5,0,0,0,0,
2026-05-14 05:09:12,515492,185958,36.1,301079,58.4,28455,5.5,3,0,3,0,
2026-05-14 05:10:13,515495,185958,36.1,301082,58.4,28455,5.5,3,0,3,0,
2026-05-14 05:11:14,515497,185959,36.1,301083,58.4,28455,5.5,2,1,1,0,
2026-05-14 05:12:15,515501,185959,36.1,301087,58.4,28455,5.5,4,0,4,0,
2026-05-14 05:13:16,515502,185959,36.1,301088,58.4,28455,5.5,1,0,1,0,
2026-05-14 05:14:17,515507,185959,36.1,301092,58.4,28456,5.5,5,0,4,1,
2026-05-14 05:15:18,515511,185959,36.1,301096,58.4,28456,5.5,4,0,4,0,
2026-05-14 05:16:19,515515,185959,36.1,301100,58.4,28456,5.5,4,0,4,0,
2026-05-14 05:17:19,515517,185959,36.1,301102,58.4,28456,5.5,2,0,2,0,
2026-05-14 05:18:20,515518,185959,36.1,301102,58.4,28457,5.5,1,0,0,1,
2026-05-14 05:19:21,515520,185959,36.1,301104,58.4,28457,5.5,2,0,2,0,
2026-05-14 05:20:22,515522,185959,36.1,301106,58.4,28457,5.5,2,0,2,0,
2026-05-14 05:21:23,515526,185959,36.1,301110,58.4,28457,5.5,4,0,4,0,
2026-05-14 05:22:24,515529,185959,36.1,301113,58.4,28457,5.5,3,0,3,0,
2026-05-14 05:23:25,515530,185959,36.1,301114,58.4,28457,5.5,1,0,1,0,
2026-05-14 05:24:26,515531,185959,36.1,301115,58.4,28457,5.5,1,0,1,0,
2026-05-14 05:25:27,515532,185959,36.1,301116,58.4,28457,5.5,1,0,1,0,
2026-05-14 05:26:27,515533,185959,36.1,301116,58.4,28458,5.5,1,0,0,1,
2026-05-14 05:27:28,515535,185959,36.1,301118,58.4,28458,5.5,2,0,2,0,
2026-05-14 05:28:29,515537,185959,36.1,301120,58.4,28458,5.5,2,0,2,0,
2026-05-14 05:29:30,515542,185959,36.1,301125,58.4,28458,5.5,5,0,5,0,
2026-05-14 05:30:31,515543,185959,36.1,301126,58.4,28458,5.5,1,0,1,0,
2026-05-14 05:31:32,515546,185959,36.1,301129,58.4,28458,5.5,3,0,3,0,
2026-05-14 05:32:33,515548,185959,36.1,301131,58.4,28458,5.5,2,0,2,0,
2026-05-14 05:33:34,515552,185959,36.1,301135,58.4,28458,5.5,4,0,4,0,
2026-05-14 05:34:35,515555,185959,36.1,301138,58.4,28458,5.5,3,0,3,0,
2026-05-14 05:35:37,515557,185959,36.1,301140,58.4,28458,5.5,2,0,2,0,
2026-05-14 05:36:38,515560,185959,36.1,301143,58.4,28458,5.5,3,0,3,0,
2026-05-14 05:37:39,515565,185959,36.1,301148,58.4,28458,5.5,5,0,5,0,
2026-05-14 05:38:41,515566,185959,36.1,301149,58.4,28458,5.5,1,0,1,0,
2026-05-14 05:39:42,515570,185960,36.1,301152,58.4,28458,5.5,4,1,3,0,
2026-05-14 05:40:43,515573,185960,36.1,301155,58.4,28458,5.5,3,0,3,0,
2026-05-14 05:41:44,515575,185960,36.1,301157,58.4,28458,5.5,2,0,2,0,
2026-05-14 05:42:45,515579,185960,36.1,301161,58.4,28458,5.5,4,0,4,0,
2026-05-14 05:43:46,515584,185960,36.1,301166,58.4,28458,5.5,5,0,5,0,
2026-05-14 05:44:47,515589,185961,36.1,301170,58.4,28458,5.5,5,1,4,0,
2026-05-14 05:45:48,515591,185961,36.1,301171,58.4,28459,5.5,2,0,1,1,
2026-05-14 05:46:49,515595,185961,36.1,301175,58.4,28459,5.5,4,0,4,0,
2026-05-14 05:47:51,515598,185961,36.1,301178,58.4,28459,5.5,3,0,3,0,
2026-05-14 05:48:52,515600,185962,36.1,301179,58.4,28459,5.5,2,1,1,0,
2026-05-14 05:49:53,515607,185962,36.1,301186,58.4,28459,5.5,7,0,7,0,
2026-05-14 05:50:54,515610,185962,36.1,301188,58.4,28460,5.5,3,0,2,1,
2026-05-14 05:51:56,515612,185963,36.1,301189,58.4,28460,5.5,2,1,1,0,
2026-05-14 05:52:57,515617,185963,36.1,301194,58.4,28460,5.5,5,0,5,0,
2026-05-14 05:53:58,515620,185963,36.1,301197,58.4,28460,5.5,3,0,3,0,
2026-05-14 05:55:01,515622,185963,36.1,301198,58.4,28461,5.5,2,0,1,1,
2026-05-14 05:56:01,515624,185963,36.1,301200,58.4,28461,5.5,2,0,2,0,
2026-05-14 05:57:02,515629,185963,36.1,301204,58.4,28462,5.5,5,0,4,1,
2026-05-14 05:58:04,515633,185963,36.1,301208,58.4,28462,5.5,4,0,4,0,
2026-05-14 05:59:04,515634,185963,36.1,301209,58.4,28462,5.5,1,0,1,0,
2026-05-14 06:00:05,515636,185963,36.1,301211,58.4,28462,5.5,2,0,2,0,
2026-05-14 06:01:06,515640,185963,36.1,301215,58.4,28462,5.5,4,0,4,0,
2026-05-14 06:02:07,515641,185963,36.1,301216,58.4,28462,5.5,1,0,1,0,
2026-05-14 06:03:08,515645,185964,36.1,301219,58.4,28462,5.5,4,1,3,0,
2026-05-14 06:04:09,515647,185964,36.1,301221,58.4,28462,5.5,2,0,2,0,
2026-05-14 06:05:10,515650,185964,36.1,301224,58.4,28462,5.5,3,0,3,0,
2026-05-14 06:06:11,515653,185964,36.1,301227,58.4,28462,5.5,3,0,3,0,
2026-05-14 06:07:12,515656,185964,36.1,301230,58.4,28462,5.5,3,0,3,0,
2026-05-14 06:08:13,515659,185964,36.1,301233,58.4,28462,5.5,3,0,3,0,
2026-05-14 06:09:14,515660,185964,36.1,301234,58.4,28462,5.5,1,0,1,0,
2026-05-14 06:10:15,515664,185964,36.1,301238,58.4,28462,5.5,4,0,4,0,
2026-05-14 06:11:15,515666,185964,36.1,301240,58.4,28462,5.5,2,0,2,0,
2026-05-14 06:12:16,515669,185964,36.1,301243,58.4,28462,5.5,3,0,3,0,
2026-05-14 06:13:17,515672,185964,36.1,301246,58.4,28462,5.5,3,0,3,0,
2026-05-14 06:14:18,515678,185964,36.1,301251,58.4,28463,5.5,6,0,5,1,
2026-05-14 06:15:19,515682,185964,36.1,301255,58.4,28463,5.5,4,0,4,0,
2026-05-14 06:16:20,515685,185964,36.1,301258,58.4,28463,5.5,3,0,3,0,
2026-05-14 06:17:21,515687,185964,36.1,301260,58.4,28463,5.5,2,0,2,0,
2026-05-14 06:18:22,515692,185964,36.1,301265,58.4,28463,5.5,5,0,5,0,
2026-05-14 06:19:23,515694,185964,36.1,301267,58.4,28463,5.5,2,0,2,0,
2026-05-14 06:20:24,515697,185965,36.1,301269,58.4,28463,5.5,3,1,2,0,
2026-05-14 06:21:25,515703,185967,36.1,301273,58.4,28463,5.5,6,2,4,0,
2026-05-14 06:22:26,515712,185968,36.1,301281,58.4,28463,5.5,9,1,8,0,
2026-05-14 06:23:26,515715,185968,36.1,301284,58.4,28463,5.5,3,0,3,0,
2026-05-14 06:24:27,515718,185968,36.1,301287,58.4,28463,5.5,3,0,3,0,
2026-05-14 06:25:29,515728,185968,36.1,301297,58.4,28463,5.5,10,0,10,0,
2026-05-14 06:26:30,515732,185968,36.1,301300,58.4,28464,5.5,4,0,3,1,
2026-05-14 06:27:30,515738,185968,36.1,301306,58.4,28464,5.5,6,0,6,0,
2026-05-14 06:28:31,515746,185968,36.1,301313,58.4,28465,5.5,8,0,7,1,
2026-05-14 06:29:32,515748,185968,36.1,301315,58.4,28465,5.5,2,0,2,0,
2026-05-14 06:30:33,515748,185968,36.1,301315,58.4,28465,5.5,0,0,0,0,
2026-05-14 06:31:34,515754,185968,36.1,301321,58.4,28465,5.5,6,0,6,0,
2026-05-14 06:32:35,515759,185969,36.1,301325,58.4,28465,5.5,5,1,4,0,
2026-05-14 06:33:36,515763,185969,36.1,301329,58.4,28465,5.5,4,0,4,0,
2026-05-14 06:34:37,515767,185969,36.1,301333,58.4,28465,5.5,4,0,4,0,
2026-05-14 06:35:38,515774,185969,36.1,301337,58.4,28468,5.5,7,0,4,3,
2026-05-14 06:36:39,515780,185969,36.1,301342,58.4,28469,5.5,6,0,5,1,
2026-05-14 06:37:39,515784,185969,36.1,301345,58.4,28470,5.5,4,0,3,1,
2026-05-14 06:38:40,515789,185969,36.1,301350,58.4,28470,5.5,5,0,5,0,
2026-05-14 06:39:41,515795,185969,36.1,301355,58.4,28471,5.5,6,0,5,1,
2026-05-14 06:40:42,515798,185969,36.1,301358,58.4,28471,5.5,3,0,3,0,
2026-05-14 06:41:43,515802,185969,36.1,301361,58.4,28472,5.5,4,0,3,1,
2026-05-14 06:42:44,515806,185969,36.1,301365,58.4,28472,5.5,4,0,4,0,
2026-05-14 06:43:45,515811,185969,36.1,301369,58.4,28473,5.5,5,0,4,1,
2026-05-14 06:44:46,515812,185969,36.1,301370,58.4,28473,5.5,1,0,1,0,
2026-05-14 06:45:47,515817,185970,36.1,301374,58.4,28473,5.5,5,1,4,0,
2026-05-14 06:46:47,515821,185970,36.1,301377,58.4,28474,5.5,4,0,3,1,
2026-05-14 06:47:49,515826,185971,36.1,301381,58.4,28474,5.5,5,1,4,0,
2026-05-14 06:48:50,515835,185971,36.1,301389,58.4,28475,5.5,9,0,8,1,
2026-05-14 06:49:50,515837,185972,36.1,301390,58.4,28475,5.5,2,1,1,0,
2026-05-14 06:50:51,515843,185972,36.1,301396,58.4,28475,5.5,6,0,6,0,
2026-05-14 06:51:52,515851,185972,36.1,301404,58.4,28475,5.5,8,0,8,0,
2026-05-14 06:52:53,515854,185972,36.1,301407,58.4,28475,5.5,3,0,3,0,
2026-05-14 06:53:54,515857,185973,36.1,301409,58.4,28475,5.5,3,1,2,0,
2026-05-14 06:54:55,515859,185973,36.1,301411,58.4,28475,5.5,2,0,2,0,
2026-05-14 06:55:56,515862,185973,36.1,301414,58.4,28475,5.5,3,0,3,0,
2026-05-14 06:56:56,515867,185973,36.1,301419,58.4,28475,5.5,5,0,5,0,
2026-05-14 06:57:57,515877,185973,36.0,301428,58.4,28476,5.5,10,0,9,1,
2026-05-14 06:58:58,515885,185973,36.0,301436,58.4,28476,5.5,8,0,8,0,
2026-05-14 06:59:59,515886,185973,36.0,301437,58.4,28476,5.5,1,0,1,0,
2026-05-14 07:01:00,515892,185973,36.0,301443,58.4,28476,5.5,6,0,6,0,
2026-05-14 07:02:01,515894,185973,36.0,301445,58.4,28476,5.5,2,0,2,0,
2026-05-14 07:03:02,515899,185973,36.0,301450,58.4,28476,5.5,5,0,5,0,
2026-05-14 07:04:03,515905,185976,36.0,301453,58.4,28476,5.5,6,3,3,0,
2026-05-14 07:05:04,515909,185976,36.0,301457,58.4,28476,5.5,4,0,4,0,
2026-05-14 07:06:04,515910,185976,36.0,301458,58.4,28476,5.5,1,0,1,0,
2026-05-14 07:07:05,515915,185977,36.0,301462,58.4,28476,5.5,5,1,4,0,
2026-05-14 07:08:06,515917,185977,36.0,301464,58.4,28476,5.5,2,0,2,0,
2026-05-14 07:09:07,515921,185977,36.0,301468,58.4,28476,5.5,4,0,4,0,
2026-05-14 07:10:08,515925,185977,36.0,301472,58.4,28476,5.5,4,0,4,0,
2026-05-14 07:11:09,515929,185977,36.0,301475,58.4,28477,5.5,4,0,3,1,
2026-05-14 07:12:10,515933,185977,36.0,301479,58.4,28477,5.5,4,0,4,0,
2026-05-14 07:13:11,515942,185977,36.0,301487,58.4,28478,5.5,9,0,8,1,
2026-05-14 07:14:12,515943,185977,36.0,301488,58.4,28478,5.5,1,0,1,0,
2026-05-14 07:15:13,515943,185977,36.0,301488,58.4,28478,5.5,0,0,0,0,
2026-05-14 07:16:14,515947,185977,36.0,301492,58.4,28478,5.5,4,0,4,0,
2026-05-14 07:17:15,515948,185977,36.0,301493,58.4,28478,5.5,1,0,1,0,
2026-05-14 07:18:17,515957,185977,36.0,301502,58.4,28478,5.5,9,0,9,0,
2026-05-14 07:19:17,515959,185977,36.0,301504,58.4,28478,5.5,2,0,2,0,
2026-05-14 07:20:18,515966,185977,36.0,301511,58.4,28478,5.5,7,0,7,0,
2026-05-14 07:21:19,515973,185977,36.0,301517,58.4,28479,5.5,7,0,6,1,
2026-05-14 07:22:20,515980,185978,36.0,301523,58.4,28479,5.5,7,1,6,0,
2026-05-14 07:23:21,515986,185978,36.0,301529,58.4,28479,5.5,6,0,6,0,
2026-05-14 07:24:22,515991,185978,36.0,301534,58.4,28479,5.5,5,0,5,0,
2026-05-14 07:25:23,515991,185978,36.0,301534,58.4,28479,5.5,0,0,0,0,
2026-05-14 07:26:24,515998,185979,36.0,301539,58.4,28480,5.5,7,1,5,1,
2026-05-14 07:27:25,516000,185980,36.0,301540,58.4,28480,5.5,2,1,1,0,
2026-05-14 07:28:26,516008,185980,36.0,301548,58.4,28480,5.5,8,0,8,0,
2026-05-14 07:29:27,516011,185981,36.0,301550,58.4,28480,5.5,3,1,2,0,
2026-05-14 07:30:28,516016,185981,36.0,301555,58.4,28480,5.5,5,0,5,0,
2026-05-14 07:31:29,516020,185982,36.0,301558,58.4,28480,5.5,4,1,3,0,
2026-05-14 07:32:30,516025,185982,36.0,301562,58.4,28481,5.5,5,0,4,1,
2026-05-14 07:33:31,516030,185982,36.0,301567,58.4,28481,5.5,5,0,5,0,
2026-05-14 07:34:31,516035,185982,36.0,301572,58.4,28481,5.5,5,0,5,0,
2026-05-14 07:35:32,516041,185982,36.0,301576,58.4,28483,5.5,6,0,4,2,
2026-05-14 07:36:33,516045,185982,36.0,301580,58.4,28483,5.5,4,0,4,0,
2026-05-14 07:37:34,516050,185982,36.0,301584,58.4,28484,5.5,5,0,4,1,
2026-05-14 07:38:35,516052,185982,36.0,301586,58.4,28484,5.5,2,0,2,0,
2026-05-14 07:39:36,516058,185984,36.0,301590,58.4,28484,5.5,6,2,4,0,
2026-05-14 07:40:37,516062,185985,36.0,301593,58.4,28484,5.5,4,1,3,0,
2026-05-14 07:41:38,516067,185985,36.0,301597,58.4,28485,5.5,5,0,4,1,
2026-05-14 07:42:39,516073,185985,36.0,301603,58.4,28485,5.5,6,0,6,0,
2026-05-14 07:43:40,516075,185985,36.0,301605,58.4,28485,5.5,2,0,2,0,
2026-05-14 07:44:40,516078,185985,36.0,301606,58.4,28487,5.5,3,0,1,2,
2026-05-14 07:45:41,516090,185985,36.0,301616,58.4,28489,5.5,12,0,10,2,
2026-05-14 07:46:42,516095,185985,36.0,301621,58.4,28489,5.5,5,0,5,0,
2026-05-14 07:47:43,516101,185985,36.0,301627,58.4,28489,5.5,6,0,6,0,
2026-05-14 07:48:44,516106,185985,36.0,301632,58.4,28489,5.5,5,0,5,0,
2026-05-14 07:49:45,516109,185985,36.0,301635,58.4,28489,5.5,3,0,3,0,
2026-05-14 07:50:46,516113,185985,36.0,301639,58.4,28489,5.5,4,0,4,0,
2026-05-14 07:51:46,516116,185985,36.0,301641,58.4,28490,5.5,3,0,2,1,
2026-05-14 07:52:47,516124,185986,36.0,301648,58.4,28490,5.5,8,1,7,0,
2026-05-14 07:53:49,516130,185986,36.0,301654,58.4,28490,5.5,6,0,6,0,
2026-05-14 07:54:49,516136,185986,36.0,301658,58.4,28492,5.5,6,0,4,2,
2026-05-14 07:55:50,516142,185988,36.0,301662,58.4,28492,5.5,6,2,4,0,
2026-05-14 07:56:51,516146,185988,36.0,301666,58.4,28492,5.5,4,0,4,0,
2026-05-14 07:57:52,516149,185988,36.0,301668,58.4,28493,5.5,3,0,2,1,
2026-05-14 07:58:53,516151,185988,36.0,301670,58.4,28493,5.5,2,0,2,0,
2026-05-14 07:59:56,516154,185988,36.0,301673,58.4,28493,5.5,3,0,3,0,
2026-05-14 08:00:57,516160,185988,36.0,301679,58.4,28493,5.5,6,0,6,0,
2026-05-14 08:01:58,516163,185988,36.0,301682,58.4,28493,5.5,3,0,3,0,
2026-05-14 08:02:58,516168,185989,36.0,301685,58.4,28494,5.5,5,1,3,1,
2026-05-14 08:03:59,516179,185989,36.0,301695,58.4,28495,5.5,11,0,10,1,
2026-05-14 08:05:00,516183,185989,36.0,301699,58.4,28495,5.5,4,0,4,0,
2026-05-14 08:06:01,516193,185989,36.0,301708,58.4,28496,5.5,10,0,9,1,
2026-05-14 08:07:03,516202,185990,36.0,301715,58.4,28497,5.5,9,1,7,1,
2026-05-14 08:08:03,516209,185991,36.0,301721,58.4,28497,5.5,7,1,6,0,
2026-05-14 08:09:04,516213,185991,36.0,301724,58.4,28498,5.5,4,0,3,1,
2026-05-14 08:10:05,516218,185992,36.0,301728,58.4,28498,5.5,5,1,4,0,
2026-05-14 08:11:06,516224,185992,36.0,301734,58.5,28498,5.5,6,0,6,0,
2026-05-14 08:12:07,516228,185992,36.0,301738,58.5,28498,5.5,4,0,4,0,
2026-05-14 08:13:08,516233,185993,36.0,301741,58.5,28499,5.5,5,1,3,1,
2026-05-14 08:14:09,516238,185993,36.0,301746,58.5,28499,5.5,5,0,5,0,
2026-05-14 08:15:10,516245,185993,36.0,301753,58.5,28499,5.5,7,0,7,0,
2026-05-14 08:16:11,516250,185993,36.0,301758,58.5,28499,5.5,5,0,5,0,
2026-05-14 08:17:12,516254,185993,36.0,301762,58.5,28499,5.5,4,0,4,0,
2026-05-14 08:18:12,516256,185993,36.0,301764,58.5,28499,5.5,2,0,2,0,
2026-05-14 08:19:13,516260,185993,36.0,301768,58.5,28499,5.5,4,0,4,0,
2026-05-14 08:20:14,516266,185994,36.0,301773,58.5,28499,5.5,6,1,5,0,
2026-05-14 08:21:15,516272,185994,36.0,301779,58.5,28499,5.5,6,0,6,0,
2026-05-14 08:22:16,516278,185994,36.0,301785,58.5,28499,5.5,6,0,6,0,
2026-05-14 08:23:17,516288,185996,36.0,301792,58.5,28500,5.5,10,2,7,1,
2026-05-14 08:24:17,516292,185996,36.0,301796,58.5,28500,5.5,4,0,4,0,
2026-05-14 08:25:18,516300,185996,36.0,301804,58.5,28500,5.5,8,0,8,0,
2026-05-14 08:26:19,516305,185996,36.0,301809,58.5,28500,5.5,5,0,5,0,
2026-05-14 08:27:20,516313,185996,36.0,301817,58.5,28500,5.5,8,0,8,0,
2026-05-14 08:28:22,516315,185996,36.0,301818,58.5,28501,5.5,2,0,1,1,
2026-05-14 08:29:23,516319,185996,36.0,301822,58.5,28501,5.5,4,0,4,0,
